timestamp,pack_voltage,pack_current,soc,min_cell_volt,max_cell_volt,min_temp,max_temp,state,faults,cell_0_0,cell_0_1,cell_0_2,cell_0_3,cell_0_4,cell_0_5,cell_0_6,cell_0_7,cell_0_8,cell_0_9,cell_0_10,cell_0_11,bal_0_0,bal_0_1,bal_0_2,bal_0_3,bal_0_4,bal_0_5,bal_0_6,bal_0_7,bal_0_8,bal_0_9,bal_0_10,bal_0_11,temp_0_0
1716815592268,39.6452,0,0.0,3.2495,3.3565,25.014,25.014,3,,3.3565,3.3496,3.3374,3.3289,3.3183,3.3084,3.2996,3.2896,3.2790,3.2693,3.2591,3.2495,0,0,0,0,0,0,0,0,0,0,0,0,25.019
1716815592289,39.6452,0,0.0,3.2495,3.3565,25.014,25.014,3,,3.3565,3.3496,3.3374,3.3289,3.3183,3.3084,3.2996,3.2896,3.2790,3.2693,3.2591,3.2495,0,0,0,0,0,0,0,0,0,0,0,0,25.014
1716815592508,39.6484,0,0.0,3.2487,3.3563,25.019,25.019,3,,3.3563,3.3498,3.3380,3.3299,3.3191,3.3086,3.2990,3.2898,3.2800,3.2701,3.2591,3.2487,0,0,0,0,0,0,0,0,0,0,0,0,25.014
1716815592528,39.6484,0,0.0,3.2487,3.3563,25.019,25.019,3,,3.3563,3.3498,3.3380,3.3299,3.3191,3.3086,3.2990,3.2898,3.2800,3.2701,3.2591,3.2487,0,0,0,0,0,0,0,0,0,0,0,0,25.019
1716815592768,39.6463,0,0.0,3.2492,3.3568,25.028,25.028,3,,3.3568,3.3504,3.3376,3.3293,3.3188,3.3089,3.2988,3.2892,3.2796,3.2695,3.2584,3.2492,0,0,0,0,0,0,0,0,0,0,0,0,25.019
1716815592788,39.6463,0,0.0,3.2492,3.3568,25.028,25.028,3,,3.3568,3.3504,3.3376,3.3293,3.3188,3.3089,3.2988,3.2892,3.2796,3.2695,3.2584,3.2492,0,0,0,0,0,0,0,0,0,0,0,0,25.028
1716815593008,39.6509,0,0.0,3.2487,3.3566,25.015,25.015,3,,3.3566,3.3501,3.3385,3.3302,3.3199,3.3098,3.2990,3.2893,3.2799,3.2700,3.2590,3.2487,0,0,0,0,0,0,0,0,0,0,0,0,25.028
1716815593028,39.6509,0,0.0,3.2487,3.3566,25.015,25.015,3,,3.3566,3.3501,3.3385,3.3302,3.3199,3.3098,3.2990,3.2893,3.2799,3.2700,3.2590,3.2487,0,0,0,0,0,0,0,0,0,0,0,0,25.015
1716815593268,39.6486,0,0.0,3.2486,3.3565,25.015,25.015,3,,3.3565,3.3505,3.3374,3.3293,3.3189,3.3092,3.3002,3.2901,3.2794,3.2697,3.2588,3.2486,0,0,0,0,0,0,0,0,0,0,0,0,25.015
1716815593288,39.6486,0,0.0,3.2486,3.3565,25.015,25.015,3,,3.3565,3.3505,3.3374,3.3293,3.3189,3.3092,3.3002,3.2901,3.2794,3.2697,3.2588,3.2486,0,0,0,0,0,0,0,0,0,0,0,0,25.015
1716815593508,39.6495,0,0.0,3.2498,3.3569,25.023,25.023,3,,3.3569,3.3505,3.3380,3.3292,3.3189,3.3086,3.2999,3.2893,3.2797,3.2697,3.2590,3.2498,0,0,0,0,0,0,0,0,0,0,0,0,25.015
1716815593528,39.6495,0,0.0,3.2498,3.3569,25.023,25.023,3,,3.3569,3.3505,3.3380,3.3292,3.3189,3.3086,3.2999,3.2893,3.2797,3.2697,3.2590,3.2498,0,0,0,0,0,0,0,0,0,0,0,0,25.023
1716815593768,39.6490,0,0.0,3.2492,3.3563,25.019,25.019,3,,3.3563,3.3505,3.3383,3.3296,3.3194,3.3090,3.2994,3.2889,3.2794,3.2690,3.2599,3.2492,0,0,0,0,0,0,0,0,0,0,0,0,25.023
1716815593788,39.6490,0,0.0,3.2492,3.3563,25.019,25.019,3,,3.3563,3.3505,3.3383,3.3296,3.3194,3.3090,3.2994,3.2889,3.2794,3.2690,3.2599,3.2492,0,0,0,0,0,0,0,0,0,0,0,0,25.019
1716815594009,39.6468,0,0.0,3.2483,3.3566,25.035,25.035,3,,3.3566,3.3493,3.3380,3.3292,3.3194,3.3090,3.2996,3.2898,3.2797,3.2693,3.2585,3.2483,0,0,0,0,0,0,0,0,0,0,0,0,25.019
1716815594028,39.6468,0,0.0,3.2483,3.3566,25.035,25.035,3,,3.3566,3.3493,3.3380,3.3292,3.3194,3.3090,3.2996,3.2898,3.2797,3.2693,3.2585,3.2483,0,0,0,0,0,0,0,0,0,0,0,0,25.035
1716815594268,39.6472,0,0.0,3.2487,3.3563,25.014,25.014,3,,3.3563,3.3501,3.3380,3.3292,3.3194,3.3098,3.2988,3.2890,3.2796,3.2695,3.2588,3.2487,0,0,0,0,0,0,0,0,0,0,0,0,25.035
1716815594288,39.6472,0,0.0,3.2487,3.3563,25.014,25.014,3,,3.3563,3.3501,3.3380,3.3292,3.3194,3.3098,3.2988,3.2890,3.2796,3.2695,3.2588,3.2487,0,0,0,0,0,0,0,0,0,0,0,0,25.014
1716815594508,39.6474,0,0.0,3.2487,3.3559,25.024,25.024,3,,3.3559,3.3492,3.3379,3.3296,3.3189,3.3089,3.2996,3.2896,3.2800,3.2700,3.2591,3.2487,0,0,0,0,0,0,0,0,0,0,0,0,25.014
1716815594528,39.6474,0,0.0,3.2487,3.3559,25.024,25.024,3,,3.3559,3.3492,3.3379,3.3296,3.3189,3.3089,3.2996,3.2896,3.2800,3.2700,3.2591,3.2487,0,0,0,0,0,0,0,0,0,0,0,0,25.024
1716815594768,39.6458,0,0.0,3.2491,3.3562,25.015,25.015,3,,3.3562,3.3492,3.3379,3.3295,3.3183,3.3083,3.2996,3.2893,3.2796,3.2698,3.2593,3.2491,0,0,0,0,0,0,0,0,0,0,0,0,25.024
1716815594788,39.6458,0,0.0,3.2491,3.3562,25.015,25.015,3,,3.3562,3.3492,3.3379,3.3295,3.3183,3.3083,3.2996,3.2893,3.2796,3.2698,3.2593,3.2491,0,0,0,0,0,0,0,0,0,0,0,0,25.015
1716815595008,39.6457,0,0.0,3.2491,3.3563,25.014,25.014,3,,3.3563,3.3493,3.3377,3.3299,3.3180,3.3086,3.2996,3.2898,3.2796,3.2692,3.2587,3.2491,0,0,0,0,0,0,0,0,0,0,0,0,25.015
1716815595028,39.6457,0,0.0,3.2491,3.3563,25.014,25.014,3,,3.3563,3.3493,3.3377,3.3299,3.3180,3.3086,3.2996,3.2898,3.2796,3.2692,3.2587,3.2491,0,0,0,0,0,0,0,0,0,0,0,0,25.014
1716815595271,39.6481,0,0.0,3.2483,3.3569,25.023,25.023,3,,3.3569,3.3499,3.3379,3.3301,3.3189,3.3093,3.2994,3.2901,3.2791,3.2695,3.2587,3.2483,0,0,0,0,0,0,0,0,0,0,0,0,25.014
1716815595288,39.6481,0,0.0,3.2483,3.3569,25.023,25.023,3,,3.3569,3.3499,3.3379,3.3301,3.3189,3.3093,3.2994,3.2901,3.2791,3.2695,3.2587,3.2483,0,0,0,0,0,0,0,0,0,0,0,0,25.023
1716815595508,39.6495,0,0.0,3.2484,3.3565,25.010,25.010,3,,3.3565,3.3502,3.3383,3.3298,3.3194,3.3092,3.2997,3.2901,3.2796,3.2695,3.2588,3.2484,0,0,0,0,0,0,0,0,0,0,0,0,25.023
1716815595528,39.6495,0,0.0,3.2484,3.3565,25.010,25.010,3,,3.3565,3.3502,3.3383,3.3298,3.3194,3.3092,3.2997,3.2901,3.2796,3.2695,3.2588,3.2484,0,0,0,0,0,0,0,0,0,0,0,0,25.010
1716815595768,39.6475,0,0.0,3.2484,3.3563,25.008,25.008,3,,3.3563,3.3498,3.3382,3.3292,3.3191,3.3089,3.2997,3.2898,3.2797,3.2697,3.2588,3.2484,0,0,0,0,0,0,0,0,0,0,0,0,25.010
1716815595788,39.6475,0,0.0,3.2484,3.3563,25.008,25.008,3,,3.3563,3.3498,3.3382,3.3292,3.3191,3.3089,3.2997,3.2898,3.2797,3.2697,3.2588,3.2484,0,0,0,0,0,0,0,0,0,0,0,0,25.008
1716815596008,39.6481,0,0.0,3.2483,3.3568,25.024,25.024,3,,3.3568,3.3507,3.3379,3.3298,3.3185,3.3093,3.2993,3.2890,3.2799,3.2697,3.2591,3.2483,0,0,0,0,0,0,0,0,0,0,0,0,25.008
1716815596028,39.6481,0,0.0,3.2483,3.3568,25.024,25.024,3,,3.3568,3.3507,3.3379,3.3298,3.3185,3.3093,3.2993,3.2890,3.2799,3.2697,3.2591,3.2483,0,0,0,0,0,0,0,0,0,0,0,0,25.024
1716815596270,39.6463,0,0.0,3.2491,3.3563,25.008,25.008,3,,3.3563,3.3496,3.3379,3.3290,3.3192,3.3087,3.2997,3.2898,3.2796,3.2692,3.2582,3.2491,0,0,0,0,0,0,0,0,0,0,0,0,25.024
1716815596288,39.6463,0,0.0,3.2491,3.3563,25.008,25.008,3,,3.3563,3.3496,3.3379,3.3290,3.3192,3.3087,3.2997,3.2898,3.2796,3.2692,3.2582,3.2491,0,0,0,0,0,0,0,0,0,0,0,0,25.008
1716815596508,39.6463,0,0.0,3.2489,3.3569,25.023,25.023,3,,3.3569,3.3504,3.3379,3.3293,3.3186,3.3089,3.2990,3.2892,3.2794,3.2692,3.2587,3.2489,0,0,0,0,0,0,0,0,0,0,0,0,25.008
1716815596528,39.6463,0,0.0,3.2489,3.3569,25.023,25.023,3,,3.3569,3.3504,3.3379,3.3293,3.3186,3.3089,3.2990,3.2892,3.2794,3.2692,3.2587,3.2489,0,0,0,0,0,0,0,0,0,0,0,0,25.023
1716815596773,39.6466,0,0.0,3.2481,3.3566,25.014,25.014,3,,3.3566,3.3501,3.3376,3.3290,3.3185,3.3087,3.2999,3.2898,3.2797,3.2697,3.2590,3.2481,0,0,0,0,0,0,0,0,0,0,0,0,25.023
1716815596789,39.6466,0,0.0,3.2481,3.3566,25.014,25.014,3,,3.3566,3.3501,3.3376,3.3290,3.3185,3.3087,3.2999,3.2898,3.2797,3.2697,3.2590,3.2481,0,0,0,0,0,0,0,0,0,0,0,0,25.014
1716815597008,39.6484,0,0.0,3.2489,3.3569,25.024,25.024,3,,3.3569,3.3499,3.3380,3.3292,3.3188,3.3087,3.2996,3.2893,3.2796,3.2698,3.2597,3.2489,0,0,0,0,0,0,0,0,0,0,0,0,25.014
1716815597028,39.6484,0,0.0,3.2489,3.3569,25.024,25.024,3,,3.3569,3.3499,3.3380,3.3292,3.3188,3.3087,3.2996,3.2893,3.2796,3.2698,3.2597,3.2489,0,0,0,0,0,0,0,0,0,0,0,0,25.024
1716815597268,39.6475,0,0.0,3.2486,3.3577,25.019,25.019,3,,3.3577,3.3502,3.3379,3.3293,3.3188,3.3081,3.2991,3.2898,3.2796,3.2693,3.2591,3.2486,0,0,0,0,0,0,0,0,0,0,0,0,25.024
1716815597288,39.6475,0,0.0,3.2486,3.3577,25.019,25.019,3,,3.3577,3.3502,3.3379,3.3293,3.3188,3.3081,3.2991,3.2898,3.2796,3.2693,3.2591,3.2486,0,0,0,0,0,0,0,0,0,0,0,0,25.019
1716815597508,39.6487,0,0.0,3.2494,3.3569,25.024,25.024,3,,3.3569,3.3504,3.3377,3.3295,3.3189,3.3086,3.2996,3.2895,3.2797,3.2693,3.2593,3.2494,0,0,0,0,0,0,0,0,0,0,0,0,25.019
1716815597528,39.6487,0,0.0,3.2494,3.3569,25.024,25.024,3,,3.3569,3.3504,3.3377,3.3295,3.3189,3.3086,3.2996,3.2895,3.2797,3.2693,3.2593,3.2494,0,0,0,0,0,0,0,0,0,0,0,0,25.024
1716815597770,39.6503,0,0.0,3.2489,3.3569,25.023,25.023,3,,3.3569,3.3505,3.3382,3.3295,3.3188,3.3087,3.3000,3.2901,3.2793,3.2701,3.2593,3.2489,0,0,0,0,0,0,0,0,0,0,0,0,25.024
1716815597788,39.6503,0,0.0,3.2489,3.3569,25.023,25.023,3,,3.3569,3.3505,3.3382,3.3295,3.3188,3.3087,3.3000,3.2901,3.2793,3.2701,3.2593,3.2489,0,0,0,0,0,0,0,0,0,0,0,0,25.023
1716815598008,39.6512,0,0.0,3.2487,3.3572,25.014,25.014,3,,3.3572,3.3501,3.3380,3.3298,3.3191,3.3095,3.2997,3.2901,3.2797,3.2700,3.2593,3.2487,0,0,0,0,0,0,0,0,0,0,0,0,25.023
1716815598028,39.6512,0,0.0,3.2487,3.3572,25.014,25.014,3,,3.3572,3.3501,3.3380,3.3298,3.3191,3.3095,3.2997,3.2901,3.2797,3.2700,3.2593,3.2487,0,0,0,0,0,0,0,0,0,0,0,0,25.014
1716815598270,39.6475,0,0.0,3.2483,3.3569,25.014,25.014,3,,3.3569,3.3502,3.3379,3.3298,3.3189,3.3086,3.2997,3.2896,3.2791,3.2695,3.2590,3.2483,0,0,0,0,0,0,0,0,0,0,0,0,25.014
1716815598288,39.6475,0,0.0,3.2483,3.3569,25.014,25.014,3,,3.3569,3.3502,3.3379,3.3298,3.3189,3.3086,3.2997,3.2896,3.2791,3.2695,3.2590,3.2483,0,0,0,0,0,0,0,0,0,0,0,0,25.014
1716815598508,39.6469,0,0.0,3.2494,3.3557,25.028,25.028,3,,3.3557,3.3493,3.3377,3.3295,3.3197,3.3095,3.2986,3.2892,3.2797,3.2698,3.2588,3.2494,0,0,0,0,0,0,0,0,0,0,0,0,25.014
1716815598528,39.6469,0,0.0,3.2494,3.3557,25.028,25.028,3,,3.3557,3.3493,3.3377,3.3295,3.3197,3.3095,3.2986,3.2892,3.2797,3.2698,3.2588,3.2494,0,0,0,0,0,0,0,0,0,0,0,0,25.028
1716815598768,39.6440,0,0.0,3.2487,3.3563,25.010,25.010,3,,3.3563,3.3498,3.3374,3.3292,3.3191,3.3087,3.2993,3.2893,3.2793,3.2690,3.2579,3.2487,0,0,0,0,0,0,0,0,0,0,0,0,25.028
1716815598788,39.6440,0,0.0,3.2487,3.3563,25.010,25.010,3,,3.3563,3.3498,3.3374,3.3292,3.3191,3.3087,3.2993,3.2893,3.2793,3.2690,3.2579,3.2487,0,0,0,0,0,0,0,0,0,0,0,0,25.010
1716815599012,39.6484,0,0.0,3.2494,3.3565,25.019,25.019,3,,3.3565,3.3496,3.3379,3.3292,3.3195,3.3090,3.2994,3.2895,3.2796,3.2695,3.2594,3.2494,0,0,0,0,0,0,0,0,0,0,0,0,25.010
1716815599028,39.6484,0,0.0,3.2494,3.3565,25.019,25.019,3,,3.3565,3.3496,3.3379,3.3292,3.3195,3.3090,3.2994,3.2895,3.2796,3.2695,3.2594,3.2494,0,0,0,0,0,0,0,0,0,0,0,0,25.019
1716815599268,39.6515,0,0.0,3.2491,3.3571,25.019,25.019,3,,3.3571,3.3508,3.3385,3.3305,3.3189,3.3087,3.3002,3.2903,3.2791,3.2693,3.2590,3.2491,0,0,0,0,0,0,0,0,0,0,0,0,25.019
1716815599288,39.6515,0,0.0,3.2491,3.3571,25.019,25.019,3,,3.3571,3.3508,3.3385,3.3305,3.3189,3.3087,3.3002,3.2903,3.2791,3.2693,3.2590,3.2491,0,0,0,0,0,0,0,0,0,0,0,0,25.019
1716815599508,39.6483,0,0.0,3.2486,3.3562,25.008,25.008,3,,3.3562,3.3499,3.3382,3.3298,3.3194,3.3095,3.2990,3.2895,3.2793,3.2700,3.2591,3.2486,0,0,0,0,0,0,0,0,0,0,0,0,25.019
1716815599528,39.6483,0,0.0,3.2486,3.3562,25.008,25.008,3,,3.3562,3.3499,3.3382,3.3298,3.3194,3.3095,3.2990,3.2895,3.2793,3.2700,3.2591,3.2486,0,0,0,0,0,0,0,0,0,0,0,0,25.008
1716815599768,39.6452,0,0.0,3.2487,3.3566,25.019,25.019,3,,3.3566,3.3499,3.3377,3.3289,3.3185,3.3083,3.2996,3.2901,3.2791,3.2690,3.2588,3.2487,0,0,0,0,0,0,0,0,0,0,0,0,25.008
1716815599788,39.6452,0,0.0,3.2487,3.3566,25.019,25.019,3,,3.3566,3.3499,3.3377,3.3289,3.3185,3.3083,3.2996,3.2901,3.2791,3.2690,3.2588,3.2487,0,0,0,0,0,0,0,0,0,0,0,0,25.019
1716815600008,39.6460,0,0.0,3.2483,3.3565,25.019,25.019,3,,3.3565,3.3499,3.3380,3.3298,3.3191,3.3092,3.2991,3.2893,3.2793,3.2693,3.2582,3.2483,0,0,0,0,0,0,0,0,0,0,0,0,25.019
1716815600028,39.6460,0,0.0,3.2483,3.3565,25.019,25.019,3,,3.3565,3.3499,3.3380,3.3298,3.3191,3.3092,3.2991,3.2893,3.2793,3.2693,3.2582,3.2483,0,0,0,0,0,0,0,0,0,0,0,0,25.019
1716815600268,39.6492,0,0.0,3.2491,3.3565,25.019,25.019,3,,3.3565,3.3499,3.3383,3.3301,3.3194,3.3087,3.2994,3.2895,3.2796,3.2698,3.2590,3.2491,0,0,0,0,0,0,0,0,0,0,0,0,25.019
1716815600288,39.6492,0,0.0,3.2491,3.3565,25.019,25.019,3,,3.3565,3.3499,3.3383,3.3301,3.3194,3.3087,3.2994,3.2895,3.2796,3.2698,3.2590,3.2491,0,0,0,0,0,0,0,0,0,0,0,0,25.019
1716815600508,39.6471,0,0.0,3.2484,3.3569,25.023,25.023,3,,3.3569,3.3507,3.3377,3.3295,3.3194,3.3084,3.2997,3.2893,3.2788,3.2695,3.2587,3.2484,0,0,0,0,0,0,0,0,0,0,0,0,25.019
1716815600528,39.6471,0,0.0,3.2484,3.3569,25.023,25.023,3,,3.3569,3.3507,3.3377,3.3295,3.3194,3.3084,3.2997,3.2893,3.2788,3.2695,3.2587,3.2484,0,0,0,0,0,0,0,0,0,0,0,0,25.023
1716815600768,39.6503,0,0.0,3.2491,3.3569,25.008,25.008,3,,3.3569,3.3502,3.3388,3.3298,3.3189,3.3092,3.2999,3.2895,3.2790,3.2698,3.2593,3.2491,0,0,0,0,0,0,0,0,0,0,0,0,25.023
1716815600788,39.6503,0,0.0,3.2491,3.3569,25.008,25.008,3,,3.3569,3.3502,3.3388,3.3298,3.3189,3.3092,3.2999,3.2895,3.2790,3.2698,3.2593,3.2491,0,0,0,0,0,0,0,0,0,0,0,0,25.008
1716815601008,39.6477,0,0.0,3.2492,3.3566,25.015,25.015,3,,3.3566,3.3499,3.3383,3.3296,3.3191,3.3090,3.2991,3.2889,3.2793,3.2695,3.2591,3.2492,0,0,0,0,0,0,0,0,0,0,0,0,25.008
1716815601028,39.6477,0,0.0,3.2492,3.3566,25.015,25.015,3,,3.3566,3.3499,3.3383,3.3296,3.3191,3.3090,3.2991,3.2889,3.2793,3.2695,3.2591,3.2492,0,0,0,0,0,0,0,0,0,0,0,0,25.015
1716815601269,39.6472,0,0.0,3.2480,3.3557,25.019,25.019,3,,3.3557,3.3495,3.3383,3.3296,3.3195,3.3096,3.2991,3.2896,3.2796,3.2703,3.2584,3.2480,0,0,0,0,0,0,0,0,0,0,0,0,25.015
1716815601288,39.6472,0,0.0,3.2480,3.3557,25.019,25.019,3,,3.3557,3.3495,3.3383,3.3296,3.3195,3.3096,3.2991,3.2896,3.2796,3.2703,3.2584,3.2480,0,0,0,0,0,0,0,0,0,0,0,0,25.019
1716815601507,39.6480,0,0.0,3.2486,3.3569,25.014,25.014,3,,3.3569,3.3502,3.3383,3.3298,3.3194,3.3086,3.3000,3.2895,3.2790,3.2687,3.2590,3.2486,0,0,0,0,0,0,0,0,0,0,0,0,25.019
1716815601528,39.6480,0,0.0,3.2486,3.3569,25.014,25.014,3,,3.3569,3.3502,3.3383,3.3298,3.3194,3.3086,3.3000,3.2895,3.2790,3.2687,3.2590,3.2486,0,0,0,0,0,0,0,0,0,0,0,0,25.014
1716815601768,39.6474,0,0.0,3.2489,3.3569,25.023,25.023,3,,3.3569,3.3508,3.3374,3.3293,3.3191,3.3087,3.2994,3.2893,3.2794,3.2695,3.2585,3.2489,0,0,0,0,0,0,0,0,0,0,0,0,25.014
1716815601788,39.6474,0,0.0,3.2489,3.3569,25.023,25.023,3,,3.3569,3.3508,3.3374,3.3293,3.3191,3.3087,3.2994,3.2893,3.2794,3.2695,3.2585,3.2489,0,0,0,0,0,0,0,0,0,0,0,0,25.023
1716815602008,39.6449,0,0.0,3.2486,3.3565,25.015,25.015,3,,3.3565,3.3492,3.3376,3.3292,3.3183,3.3086,3.2996,3.2896,3.2796,3.2695,3.2588,3.2486,0,0,0,0,0,0,0,0,0,0,0,0,25.023
1716815602028,39.6449,0,0.0,3.2486,3.3565,25.015,25.015,3,,3.3565,3.3492,3.3376,3.3292,3.3183,3.3086,3.2996,3.2896,3.2796,3.2695,3.2588,3.2486,0,0,0,0,0,0,0,0,0,0,0,0,25.015
1716815602268,39.6487,0,0.0,3.2491,3.3562,25.023,25.023,3,,3.3562,3.3499,3.3380,3.3299,3.3194,3.3092,3.2993,3.2893,3.2794,3.2697,3.2594,3.2491,0,0,0,0,0,0,0,0,0,0,0,0,25.015
1716815602288,39.6487,0,0.0,3.2491,3.3562,25.023,25.023,3,,3.3562,3.3499,3.3380,3.3299,3.3194,3.3092,3.2993,3.2893,3.2794,3.2697,3.2594,3.2491,0,0,0,0,0,0,0,0,0,0,0,0,25.023
1716815602508,39.6469,0,0.0,3.2487,3.3563,25.015,25.015,3,,3.3563,3.3499,3.3386,3.3301,3.3192,3.3083,3.2996,3.2893,3.2790,3.2690,3.2588,3.2487,0,0,0,0,0,0,0,0,0,0,0,0,25.023
1716815602528,39.6469,0,0.0,3.2487,3.3563,25.015,25.015,3,,3.3563,3.3499,3.3386,3.3301,3.3192,3.3083,3.2996,3.2893,3.2790,3.2690,3.2588,3.2487,0,0,0,0,0,0,0,0,0,0,0,0,25.015
1716815602768,39.6472,0,0.0,3.2489,3.3559,25.023,25.023,3,,3.3559,3.3498,3.3385,3.3301,3.3191,3.3087,3.2994,3.2895,3.2796,3.2692,3.2587,3.2489,0,0,0,0,0,0,0,0,0,0,0,0,25.015
1716815602787,39.6472,0,0.0,3.2489,3.3559,25.023,25.023,3,,3.3559,3.3498,3.3385,3.3301,3.3191,3.3087,3.2994,3.2895,3.2796,3.2692,3.2587,3.2489,0,0,0,0,0,0,0,0,0,0,0,0,25.023
1716815603008,39.6497,0,0.0,3.2492,3.3562,25.010,25.010,3,,3.3562,3.3505,3.3379,3.3293,3.3202,3.3090,3.2999,3.2893,3.2797,3.2698,3.2587,3.2492,0,0,0,0,0,0,0,0,0,0,0,0,25.023
1716815603028,39.6497,0,0.0,3.2492,3.3562,25.010,25.010,3,,3.3562,3.3505,3.3379,3.3293,3.3202,3.3090,3.2999,3.2893,3.2797,3.2698,3.2587,3.2492,0,0,0,0,0,0,0,0,0,0,0,0,25.010
1716815603268,39.6460,0,0.0,3.2487,3.3563,25.019,25.019,3,,3.3563,3.3507,3.3383,3.3295,3.3182,3.3080,3.2997,3.2896,3.2796,3.2689,3.2585,3.2487,0,0,0,0,0,0,0,0,0,0,0,0,25.010
1716815603288,39.6460,0,0.0,3.2487,3.3563,25.019,25.019,3,,3.3563,3.3507,3.3383,3.3295,3.3182,3.3080,3.2997,3.2896,3.2796,3.2689,3.2585,3.2487,0,0,0,0,0,0,0,0,0,0,0,0,25.019
1716815603508,39.6452,0,0.0,3.2481,3.3565,25.008,25.008,3,,3.3565,3.3504,3.3379,3.3290,3.3188,3.3087,3.2994,3.2895,3.2791,3.2695,3.2584,3.2481,0,0,0,0,0,0,0,0,0,0,0,0,25.019
1716815603528,39.6452,0,0.0,3.2481,3.3565,25.008,25.008,3,,3.3565,3.3504,3.3379,3.3290,3.3188,3.3087,3.2994,3.2895,3.2791,3.2695,3.2584,3.2481,0,0,0,0,0,0,0,0,0,0,0,0,25.008
1716815603768,39.6471,0,0.0,3.2491,3.3560,25.023,25.023,3,,3.3560,3.3495,3.3380,3.3298,3.3191,3.3090,3.2991,3.2892,3.2797,3.2695,3.2591,3.2491,0,0,0,0,0,0,0,0,0,0,0,0,25.008
1716815603788,39.6471,0,0.0,3.2491,3.3560,25.023,25.023,3,,3.3560,3.3495,3.3380,3.3298,3.3191,3.3090,3.2991,3.2892,3.2797,3.2695,3.2591,3.2491,0,0,0,0,0,0,0,0,0,0,0,0,25.023
1716815604008,39.6484,0,0.0,3.2489,3.3566,25.019,25.019,3,,3.3566,3.3502,3.3379,3.3299,3.3188,3.3095,3.2997,3.2899,3.2791,3.2690,3.2588,3.2489,0,0,0,0,0,0,0,0,0,0,0,0,25.023
1716815604028,39.6484,0,0.0,3.2489,3.3566,25.019,25.019,3,,3.3566,3.3502,3.3379,3.3299,3.3188,3.3095,3.2997,3.2899,3.2791,3.2690,3.2588,3.2489,0,0,0,0,0,0,0,0,0,0,0,0,25.019
1716815604268,39.6492,0,0.0,3.2481,3.3571,25.023,25.023,3,,3.3571,3.3504,3.3382,3.3296,3.3189,3.3092,3.2997,3.2899,3.2794,3.2698,3.2588,3.2481,0,0,0,0,0,0,0,0,0,0,0,0,25.019
1716815604288,39.6492,0,0.0,3.2481,3.3571,25.023,25.023,3,,3.3571,3.3504,3.3382,3.3296,3.3189,3.3092,3.2997,3.2899,3.2794,3.2698,3.2588,3.2481,0,0,0,0,0,0,0,0,0,0,0,0,25.023
1716815604508,39.6474,0,0.0,3.2489,3.3563,25.015,25.015,3,,3.3563,3.3499,3.3382,3.3295,3.3188,3.3087,3.2991,3.2893,3.2799,3.2695,3.2593,3.2489,0,0,0,0,0,0,0,0,0,0,0,0,25.023
1716815604528,39.6474,0,0.0,3.2489,3.3563,25.015,25.015,3,,3.3563,3.3499,3.3382,3.3295,3.3188,3.3087,3.2991,3.2893,3.2799,3.2695,3.2593,3.2489,0,0,0,0,0,0,0,0,0,0,0,0,25.015
1716815604768,39.6471,0,0.0,3.2486,3.3563,25.023,25.023,3,,3.3563,3.3502,3.3379,3.3298,3.3195,3.3090,3.2991,3.2895,3.2791,3.2698,3.2582,3.2486,0,0,0,0,0,0,0,0,0,0,0,0,25.015
1716815604787,39.6471,0,0.0,3.2486,3.3563,25.023,25.023,3,,3.3563,3.3502,3.3379,3.3298,3.3195,3.3090,3.2991,3.2895,3.2791,3.2698,3.2582,3.2486,0,0,0,0,0,0,0,0,0,0,0,0,25.023
1716815605008,39.6480,0,0.0,3.2487,3.3566,25.024,25.024,3,,3.3566,3.3502,3.3382,3.3295,3.3185,3.3089,3.2994,3.2895,3.2799,3.2700,3.2587,3.2487,0,0,0,0,0,0,0,0,0,0,0,0,25.023
1716815605028,39.6480,0,0.0,3.2487,3.3566,25.024,25.024,3,,3.3566,3.3502,3.3382,3.3295,3.3185,3.3089,3.2994,3.2895,3.2799,3.2700,3.2587,3.2487,0,0,0,0,0,0,0,0,0,0,0,0,25.024
1716815605268,39.6481,0,0.0,3.2492,3.3562,25.019,25.019,3,,3.3562,3.3499,3.3383,3.3293,3.3192,3.3086,3.3003,3.2899,3.2791,3.2692,3.2588,3.2492,0,0,0,0,0,0,0,0,0,0,0,0,25.024
1716815605288,39.6481,0,0.0,3.2492,3.3562,25.019,25.019,3,,3.3562,3.3499,3.3383,3.3293,3.3192,3.3086,3.3003,3.2899,3.2791,3.2692,3.2588,3.2492,0,0,0,0,0,0,0,0,0,0,0,0,25.019
1716815605508,39.6460,0,0.0,3.2492,3.3556,25.024,25.024,3,,3.3556,3.3496,3.3386,3.3299,3.3189,3.3092,3.2990,3.2890,3.2790,3.2690,3.2590,3.2492,0,0,0,0,0,0,0,0,0,0,0,0,25.019
1716815605528,39.6460,0,0.0,3.2492,3.3556,25.024,25.024,3,,3.3556,3.3496,3.3386,3.3299,3.3189,3.3092,3.2990,3.2890,3.2790,3.2690,3.2590,3.2492,0,0,0,0,0,0,0,0,0,0,0,0,25.024
1716815605768,39.6477,0,0.0,3.2487,3.3565,25.019,25.019,3,,3.3565,3.3499,3.3379,3.3298,3.3191,3.3089,3.2991,3.2892,3.2797,3.2698,3.2591,3.2487,0,0,0,0,0,0,0,0,0,0,0,0,25.024
1716815605788,39.6477,0,0.0,3.2487,3.3565,25.019,25.019,3,,3.3565,3.3499,3.3379,3.3298,3.3191,3.3089,3.2991,3.2892,3.2797,3.2698,3.2591,3.2487,0,0,0,0,0,0,0,0,0,0,0,0,25.019
1716815606008,39.6487,0,0.0,3.2495,3.3568,25.015,25.015,3,,3.3568,3.3502,3.3379,3.3293,3.3194,3.3089,3.2994,3.2890,3.2793,3.2697,3.2594,3.2495,0,0,0,0,0,0,0,0,0,0,0,0,25.019
1716815606028,39.6487,0,0.0,3.2495,3.3568,25.015,25.015,3,,3.3568,3.3502,3.3379,3.3293,3.3194,3.3089,3.2994,3.2890,3.2793,3.2697,3.2594,3.2495,0,0,0,0,0,0,0,0,0,0,0,0,25.015
1716815606268,39.6469,0,0.0,3.2486,3.3562,25.015,25.015,3,,3.3562,3.3498,3.3382,3.3296,3.3195,3.3090,3.2994,3.2895,3.2793,3.2689,3.2590,3.2486,0,0,0,0,0,0,0,0,0,0,0,0,25.015
1716815606288,39.6469,0,0.0,3.2486,3.3562,25.015,25.015,3,,3.3562,3.3498,3.3382,3.3296,3.3195,3.3090,3.2994,3.2895,3.2793,3.2689,3.2590,3.2486,0,0,0,0,0,0,0,0,0,0,0,0,25.015
1716815606512,39.6463,0,0.0,3.2484,3.3566,25.015,25.015,3,,3.3566,3.3499,3.3377,3.3298,3.3189,3.3092,3.2994,3.2895,3.2793,3.2692,3.2584,3.2484,0,0,0,0,0,0,0,0,0,0,0,0,25.015
1716815606528,39.6463,0,0.0,3.2484,3.3566,25.015,25.015,3,,3.3566,3.3499,3.3377,3.3298,3.3189,3.3092,3.2994,3.2895,3.2793,3.2692,3.2584,3.2484,0,0,0,0,0,0,0,0,0,0,0,0,25.015
1716815606768,39.6455,0,0.0,3.2487,3.3562,25.010,25.010,3,,3.3562,3.3501,3.3377,3.3293,3.3189,3.3087,3.2991,3.2893,3.2794,3.2690,3.2590,3.2487,0,0,0,0,0,0,0,0,0,0,0,0,25.015
1716815606788,39.6455,0,0.0,3.2487,3.3562,25.010,25.010,3,,3.3562,3.3501,3.3377,3.3293,3.3189,3.3087,3.2991,3.2893,3.2794,3.2690,3.2590,3.2487,0,0,0,0,0,0,0,0,0,0,0,0,25.010
1716815607008,39.6481,0,0.0,3.2495,3.3571,25.014,25.014,3,,3.3571,3.3505,3.3382,3.3292,3.3186,3.3083,3.2997,3.2895,3.2793,3.2692,3.2591,3.2495,0,0,0,0,0,0,0,0,0,0,0,0,25.010
1716815607028,39.6481,0,0.0,3.2495,3.3571,25.014,25.014,3,,3.3571,3.3505,3.3382,3.3292,3.3186,3.3083,3.2997,3.2895,3.2793,3.2692,3.2591,3.2495,0,0,0,0,0,0,0,0,0,0,0,0,25.014
1716815607268,39.6474,0,0.0,3.2481,3.3569,25.024,25.024,3,,3.3569,3.3504,3.3382,3.3289,3.3192,3.3087,3.2991,3.2895,3.2797,3.2700,3.2587,3.2481,0,0,0,0,0,0,0,0,0,0,0,0,25.014
1716815607287,39.6474,0,0.0,3.2481,3.3569,25.024,25.024,3,,3.3569,3.3504,3.3382,3.3289,3.3192,3.3087,3.2991,3.2895,3.2797,3.2700,3.2587,3.2481,0,0,0,0,0,0,0,0,0,0,0,0,25.024
1716815607508,39.6477,0,0.0,3.2491,3.3571,25.008,25.008,3,,3.3571,3.3504,3.3380,3.3298,3.3191,3.3090,3.2993,3.2895,3.2785,3.2687,3.2593,3.2491,0,0,0,0,0,0,0,0,0,0,0,0,25.024
1716815607527,39.6477,0,0.0,3.2491,3.3571,25.008,25.008,3,,3.3571,3.3504,3.3380,3.3298,3.3191,3.3090,3.2993,3.2895,3.2785,3.2687,3.2593,3.2491,0,0,0,0,0,0,0,0,0,0,0,0,25.008
1716815607768,39.6452,0,0.0,3.2491,3.3559,25.015,25.015,3,,3.3559,3.3498,3.3383,3.3296,3.3188,3.3086,3.2991,3.2893,3.2793,3.2689,3.2587,3.2491,0,0,0,0,0,0,0,0,0,0,0,0,25.008
1716815607788,39.6452,0,0.0,3.2491,3.3559,25.015,25.015,3,,3.3559,3.3498,3.3383,3.3296,3.3188,3.3086,3.2991,3.2893,3.2793,3.2689,3.2587,3.2491,0,0,0,0,0,0,0,0,0,0,0,0,25.015
1716815608008,39.6440,0,0.0,3.2489,3.3562,25.034,25.034,3,,3.3562,3.3492,3.3379,3.3292,3.3189,3.3087,3.2993,3.2895,3.2790,3.2684,3.2590,3.2489,0,0,0,0,0,0,0,0,0,0,0,0,25.015
1716815608028,39.6440,0,0.0,3.2489,3.3562,25.034,25.034,3,,3.3562,3.3492,3.3379,3.3292,3.3189,3.3087,3.2993,3.2895,3.2790,3.2684,3.2590,3.2489,0,0,0,0,0,0,0,0,0,0,0,0,25.034
1716815608267,39.6442,0,0.0,3.2486,3.3563,25.030,25.030,3,,3.3563,3.3498,3.3376,3.3286,3.3188,3.3086,3.2988,3.2899,3.2794,3.2689,3.2590,3.2486,0,0,0,0,0,0,0,0,0,0,0,0,25.034
1716815608288,39.6442,0,0.0,3.2486,3.3563,25.030,25.030,3,,3.3563,3.3498,3.3376,3.3286,3.3188,3.3086,3.2988,3.2899,3.2794,3.2689,3.2590,3.2486,0,0,0,0,0,0,0,0,0,0,0,0,25.030
1716815608507,39.6457,0,0.0,3.2483,3.3571,25.024,25.024,3,,3.3571,3.3510,3.3379,3.3290,3.3189,3.3083,3.2994,3.2893,3.2788,3.2690,3.2587,3.2483,0,0,0,0,0,0,0,0,0,0,0,0,25.030
1716815608528,39.6457,0,0.0,3.2483,3.3571,25.024,25.024,3,,3.3571,3.3510,3.3379,3.3290,3.3189,3.3083,3.2994,3.2893,3.2788,3.2690,3.2587,3.2483,0,0,0,0,0,0,0,0,0,0,0,0,25.024
1716815608768,39.6461,0,0.0,3.2486,3.3562,25.014,25.014,3,,3.3562,3.3499,3.3380,3.3290,3.3191,3.3090,3.2994,3.2895,3.2791,3.2693,3.2590,3.2486,0,0,0,0,0,0,0,0,0,0,0,0,25.024
1716815608788,39.6461,0,0.0,3.2486,3.3562,25.014,25.014,3,,3.3562,3.3499,3.3380,3.3290,3.3191,3.3090,3.2994,3.2895,3.2791,3.2693,3.2590,3.2486,0,0,0,0,0,0,0,0,0,0,0,0,25.014
1716815609008,39.6478,0,0.0,3.2487,3.3569,25.008,25.008,3,,3.3569,3.3508,3.3383,3.3295,3.3188,3.3090,3.2988,3.2895,3.2793,3.2693,3.2588,3.2487,0,0,0,0,0,0,0,0,0,0,0,0,25.014
1716815609027,39.6478,0,0.0,3.2487,3.3569,25.008,25.008,3,,3.3569,3.3508,3.3383,3.3295,3.3188,3.3090,3.2988,3.2895,3.2793,3.2693,3.2588,3.2487,0,0,0,0,0,0,0,0,0,0,0,0,25.008
1716815609267,39.6469,0,0.0,3.2483,3.3569,25.014,25.014,3,,3.3569,3.3504,3.3376,3.3287,3.3191,3.3093,3.2997,3.2893,3.2794,3.2697,3.2585,3.2483,0,0,0,0,0,0,0,0,0,0,0,0,25.008
1716815609288,39.6469,0,0.0,3.2483,3.3569,25.014,25.014,3,,3.3569,3.3504,3.3376,3.3287,3.3191,3.3093,3.2997,3.2893,3.2794,3.2697,3.2585,3.2483,0,0,0,0,0,0,0,0,0,0,0,0,25.014
1716815609507,39.6464,0,0.0,3.2489,3.3571,25.014,25.014,3,,3.3571,3.3499,3.3380,3.3293,3.3185,3.3089,3.2988,3.2890,3.2793,3.2697,3.2591,3.2489,0,0,0,0,0,0,0,0,0,0,0,0,25.014
1716815609528,39.6464,0,0.0,3.2489,3.3571,25.014,25.014,3,,3.3571,3.3499,3.3380,3.3293,3.3185,3.3089,3.2988,3.2890,3.2793,3.2697,3.2591,3.2489,0,0,0,0,0,0,0,0,0,0,0,0,25.014
1716815609768,39.6475,0,0.0,3.2484,3.3568,25.028,25.028,3,,3.3568,3.3504,3.3385,3.3301,3.3180,3.3080,3.2996,3.2893,3.2797,3.2698,3.2590,3.2484,0,0,0,0,0,0,0,0,0,0,0,0,25.014
1716815609787,39.6475,0,0.0,3.2484,3.3568,25.028,25.028,3,,3.3568,3.3504,3.3385,3.3301,3.3180,3.3080,3.2996,3.2893,3.2797,3.2698,3.2590,3.2484,0,0,0,0,0,0,0,0,0,0,0,0,25.028
1716815610007,39.6484,0,0.0,3.2487,3.3563,25.014,25.014,3,,3.3563,3.3496,3.3385,3.3295,3.3192,3.3098,3.2986,3.2893,3.2799,3.2700,3.2590,3.2487,0,0,0,0,0,0,0,0,0,0,0,0,25.028
1716815610027,39.6484,0,0.0,3.2487,3.3563,25.014,25.014,3,,3.3563,3.3496,3.3385,3.3295,3.3192,3.3098,3.2986,3.2893,3.2799,3.2700,3.2590,3.2487,0,0,0,0,0,0,0,0,0,0,0,0,25.014
1716815610267,39.6478,0,0.0,3.2487,3.3565,25.030,25.030,3,,3.3565,3.3502,3.3383,3.3299,3.3194,3.3089,3.2991,3.2893,3.2794,3.2693,3.2587,3.2487,0,0,0,0,0,0,0,0,0,0,0,0,25.014
1716815610287,39.6478,0,0.0,3.2487,3.3565,25.030,25.030,3,,3.3565,3.3502,3.3383,3.3299,3.3194,3.3089,3.2991,3.2893,3.2794,3.2693,3.2587,3.2487,0,0,0,0,0,0,0,0,0,0,0,0,25.030
1716815610513,39.6481,0,0.0,3.2487,3.3565,25.010,25.010,3,,3.3565,3.3499,3.3385,3.3292,3.3192,3.3089,3.2993,3.2892,3.2800,3.2697,3.2591,3.2487,0,0,0,0,0,0,0,0,0,0,0,0,25.030
1716815610528,39.6481,0,0.0,3.2487,3.3565,25.010,25.010,3,,3.3565,3.3499,3.3385,3.3292,3.3192,3.3089,3.2993,3.2892,3.2800,3.2697,3.2591,3.2487,0,0,0,0,0,0,0,0,0,0,0,0,25.010
1716815610768,39.6490,0,0.0,3.2487,3.3566,25.019,25.019,3,,3.3566,3.3502,3.3385,3.3295,3.3195,3.3092,3.2994,3.2899,3.2793,3.2692,3.2590,3.2487,0,0,0,0,0,0,0,0,0,0,0,0,25.010
1716815610787,39.6490,0,0.0,3.2487,3.3566,25.019,25.019,3,,3.3566,3.3502,3.3385,3.3295,3.3195,3.3092,3.2994,3.2899,3.2793,3.2692,3.2590,3.2487,0,0,0,0,0,0,0,0,0,0,0,0,25.019
1716815611007,39.6471,0,0.0,3.2489,3.3563,25.014,25.014,3,,3.3563,3.3498,3.3380,3.3298,3.3189,3.3089,3.2994,3.2889,3.2793,3.2697,3.2593,3.2489,0,0,0,0,0,0,0,0,0,0,0,0,25.019
1716815611027,39.6471,0,0.0,3.2489,3.3563,25.014,25.014,3,,3.3563,3.3498,3.3380,3.3298,3.3189,3.3089,3.2994,3.2889,3.2793,3.2697,3.2593,3.2489,0,0,0,0,0,0,0,0,0,0,0,0,25.014
1716815611267,39.6439,0,0.0,3.2480,3.3560,25.034,25.034,3,,3.3560,3.3499,3.3377,3.3290,3.3186,3.3087,3.2996,3.2890,3.2793,3.2698,3.2582,3.2480,0,0,0,0,0,0,0,0,0,0,0,0,25.014
1716815611288,39.6439,0,0.0,3.2480,3.3560,25.034,25.034,3,,3.3560,3.3499,3.3377,3.3290,3.3186,3.3087,3.2996,3.2890,3.2793,3.2698,3.2582,3.2480,0,0,0,0,0,0,0,0,0,0,0,0,25.034
1716815611508,39.6468,0,0.0,3.2492,3.3565,25.028,25.028,3,,3.3565,3.3496,3.3379,3.3292,3.3189,3.3086,3.2994,3.2896,3.2791,3.2695,3.2593,3.2492,0,0,0,0,0,0,0,0,0,0,0,0,25.034
1716815611528,39.6468,0,0.0,3.2492,3.3565,25.028,25.028,3,,3.3565,3.3496,3.3379,3.3292,3.3189,3.3086,3.2994,3.2896,3.2791,3.2695,3.2593,3.2492,0,0,0,0,0,0,0,0,0,0,0,0,25.028
1716815611767,39.6463,0,0.0,3.2483,3.3569,25.030,25.030,3,,3.3569,3.3501,3.3383,3.3295,3.3189,3.3083,3.2988,3.2893,3.2793,3.2695,3.2591,3.2483,0,0,0,0,0,0,0,0,0,0,0,0,25.028
1716815611787,39.6463,0,0.0,3.2483,3.3569,25.030,25.030,3,,3.3569,3.3501,3.3383,3.3295,3.3189,3.3083,3.2988,3.2893,3.2793,3.2695,3.2591,3.2483,0,0,0,0,0,0,0,0,0,0,0,0,25.030
1716815612007,39.6478,0,0.0,3.2487,3.3569,25.008,25.008,3,,3.3569,3.3508,3.3379,3.3289,3.3192,3.3087,3.2988,3.2895,3.2794,3.2693,3.2596,3.2487,0,0,0,0,0,0,0,0,0,0,0,0,25.030
1716815612028,39.6478,0,0.0,3.2487,3.3569,25.008,25.008,3,,3.3569,3.3508,3.3379,3.3289,3.3192,3.3087,3.2988,3.2895,3.2794,3.2693,3.2596,3.2487,0,0,0,0,0,0,0,0,0,0,0,0,25.008
1716815612267,39.6454,0,0.0,3.2487,3.3566,25.030,25.030,3,,3.3566,3.3498,3.3372,3.3295,3.3188,3.3084,3.2994,3.2901,3.2791,3.2692,3.2585,3.2487,0,0,0,0,0,0,0,0,0,0,0,0,25.008
1716815612288,39.6454,0,0.0,3.2487,3.3566,25.030,25.030,3,,3.3566,3.3498,3.3372,3.3295,3.3188,3.3084,3.2994,3.2901,3.2791,3.2692,3.2585,3.2487,0,0,0,0,0,0,0,0,0,0,0,0,25.030
1716815612507,39.6466,0,0.0,3.2489,3.3566,25.014,25.014,3,,3.3566,3.3495,3.3376,3.3295,3.3191,3.3083,3.2996,3.2899,3.2794,3.2695,3.2588,3.2489,0,0,0,0,0,0,0,0,0,0,0,0,25.030
1716815612527,39.6466,0,0.0,3.2489,3.3566,25.014,25.014,3,,3.3566,3.3495,3.3376,3.3295,3.3191,3.3083,3.2996,3.2899,3.2794,3.2695,3.2588,3.2489,0,0,0,0,0,0,0,0,0,0,0,0,25.014
1716815612767,39.6477,0,0.0,3.2492,3.3562,25.028,25.028,3,,3.3562,3.3496,3.3385,3.3299,3.3186,3.3092,3.2993,3.2895,3.2793,3.2692,3.2593,3.2492,0,0,0,0,0,0,0,0,0,0,0,0,25.014
1716815612788,39.6477,0,0.0,3.2492,3.3562,25.028,25.028,3,,3.3562,3.3496,3.3385,3.3299,3.3186,3.3092,3.2993,3.2895,3.2793,3.2692,3.2593,3.2492,0,0,0,0,0,0,0,0,0,0,0,0,25.028
1716815613008,39.6452,0,0.0,3.2483,3.3568,25.023,25.023,3,,3.3568,3.3505,3.3376,3.3284,3.3191,3.3092,3.2996,3.2895,3.2790,3.2690,3.2584,3.2483,0,0,0,0,0,0,0,0,0,0,0,0,25.028
1716815613028,39.6452,0,0.0,3.2483,3.3568,25.023,25.023,3,,3.3568,3.3505,3.3376,3.3284,3.3191,3.3092,3.2996,3.2895,3.2790,3.2690,3.2584,3.2483,0,0,0,0,0,0,0,0,0,0,0,0,25.023
1716815613268,39.6460,0,0.0,3.2492,3.3572,25.010,25.010,3,,3.3572,3.3499,3.3376,3.3290,3.3188,3.3086,3.2986,3.2890,3.2796,3.2693,3.2591,3.2492,0,0,0,0,0,0,0,0,0,0,0,0,25.023
1716815613287,39.6460,0,0.0,3.2492,3.3572,25.010,25.010,3,,3.3572,3.3499,3.3376,3.3290,3.3188,3.3086,3.2986,3.2890,3.2796,3.2693,3.2591,3.2492,0,0,0,0,0,0,0,0,0,0,0,0,25.010
1716815613507,39.6484,0,0.0,3.2481,3.3569,25.008,25.008,3,,3.3569,3.3502,3.3386,3.3298,3.3188,3.3090,3.2999,3.2895,3.2793,3.2697,3.2587,3.2481,0,0,0,0,0,0,0,0,0,0,0,0,25.010
1716815613528,39.6484,0,0.0,3.2481,3.3569,25.008,25.008,3,,3.3569,3.3502,3.3386,3.3298,3.3188,3.3090,3.2999,3.2895,3.2793,3.2697,3.2587,3.2481,0,0,0,0,0,0,0,0,0,0,0,0,25.008
1716815613768,39.6471,0,0.0,3.2484,3.3563,25.015,25.015,3,,3.3563,3.3498,3.3382,3.3296,3.3192,3.3096,3.2993,3.2890,3.2794,3.2692,3.2590,3.2484,0,0,0,0,0,0,0,0,0,0,0,0,25.008
1716815613788,39.6471,0,0.0,3.2484,3.3563,25.015,25.015,3,,3.3563,3.3498,3.3382,3.3296,3.3192,3.3096,3.2993,3.2890,3.2794,3.2692,3.2590,3.2484,0,0,0,0,0,0,0,0,0,0,0,0,25.015
1716815614008,39.6458,0,0.0,3.2484,3.3568,25.023,25.023,3,,3.3568,3.3496,3.3374,3.3290,3.3186,3.3087,3.2994,3.2896,3.2799,3.2698,3.2585,3.2484,0,0,0,0,0,0,0,0,0,0,0,0,25.015
1716815614027,39.6458,0,0.0,3.2484,3.3568,25.023,25.023,3,,3.3568,3.3496,3.3374,3.3290,3.3186,3.3087,3.2994,3.2896,3.2799,3.2698,3.2585,3.2484,0,0,0,0,0,0,0,0,0,0,0,0,25.023
1716815614267,39.6486,0,0.0,3.2487,3.3563,25.023,25.023,3,,3.3563,3.3499,3.3383,3.3295,3.3191,3.3092,3.2997,3.2896,3.2791,3.2693,3.2597,3.2487,0,0,0,0,0,0,0,0,0,0,0,0,25.023
1716815614287,39.6486,0,0.0,3.2487,3.3563,25.023,25.023,3,,3.3563,3.3499,3.3383,3.3295,3.3191,3.3092,3.2997,3.2896,3.2791,3.2693,3.2597,3.2487,0,0,0,0,0,0,0,0,0,0,0,0,25.023
1716815614507,39.6469,0,0.0,3.2484,3.3566,25.015,25.015,3,,3.3566,3.3502,3.3371,3.3287,3.3195,3.3098,3.2993,3.2898,3.2794,3.2693,3.2587,3.2484,0,0,0,0,0,0,0,0,0,0,0,0,25.023
1716815614528,39.6469,0,0.0,3.2484,3.3566,25.015,25.015,3,,3.3566,3.3502,3.3371,3.3287,3.3195,3.3098,3.2993,3.2898,3.2794,3.2693,3.2587,3.2484,0,0,0,0,0,0,0,0,0,0,0,0,25.015
1716815614767,39.6463,0,0.0,3.2492,3.3563,25.023,25.023,3,,3.3563,3.3496,3.3377,3.3296,3.3189,3.3092,3.2990,3.2887,3.2794,3.2693,3.2593,3.2492,0,0,0,0,0,0,0,0,0,0,0,0,25.015
1716815614788,39.6463,0,0.0,3.2492,3.3563,25.023,25.023,3,,3.3563,3.3496,3.3377,3.3296,3.3189,3.3092,3.2990,3.2887,3.2794,3.2693,3.2593,3.2492,0,0,0,0,0,0,0,0,0,0,0,0,25.023
1716815615007,39.6463,0,0.0,3.2491,3.3565,25.014,25.014,3,,3.3565,3.3496,3.3383,3.3298,3.3189,3.3087,3.2996,3.2893,3.2793,3.2686,3.2587,3.2491,0,0,0,0,0,0,0,0,0,0,0,0,25.023
1716815615027,39.6463,0,0.0,3.2491,3.3565,25.014,25.014,3,,3.3565,3.3496,3.3383,3.3298,3.3189,3.3087,3.2996,3.2893,3.2793,3.2686,3.2587,3.2491,0,0,0,0,0,0,0,0,0,0,0,0,25.014
1716815615267,39.6475,0,0.0,3.2484,3.3571,25.010,25.010,3,,3.3571,3.3502,3.3385,3.3295,3.3191,3.3083,3.2994,3.2892,3.2794,3.2697,3.2588,3.2484,0,0,0,0,0,0,0,0,0,0,0,0,25.014
1716815615288,39.6475,0,0.0,3.2484,3.3571,25.010,25.010,3,,3.3571,3.3502,3.3385,3.3295,3.3191,3.3083,3.2994,3.2892,3.2794,3.2697,3.2588,3.2484,0,0,0,0,0,0,0,0,0,0,0,0,25.010
1716815615509,39.6460,0,0.0,3.2480,3.3563,25.019,25.019,3,,3.3563,3.3507,3.3383,3.3295,3.3192,3.3090,3.2991,3.2896,3.2790,3.2686,3.2587,3.2480,0,0,0,0,0,0,0,0,0,0,0,0,25.010
1716815615527,39.6460,0,0.0,3.2480,3.3563,25.019,25.019,3,,3.3563,3.3507,3.3383,3.3295,3.3192,3.3090,3.2991,3.2896,3.2790,3.2686,3.2587,3.2480,0,0,0,0,0,0,0,0,0,0,0,0,25.019
1716815615768,39.6452,0,0.0,3.2487,3.3566,25.015,25.015,3,,3.3566,3.3499,3.3380,3.3292,3.3189,3.3076,3.2990,3.2893,3.2794,3.2693,3.2591,3.2487,0,0,0,0,0,0,0,0,0,0,0,0,25.019
1716815615787,39.6452,0,0.0,3.2487,3.3566,25.015,25.015,3,,3.3566,3.3499,3.3380,3.3292,3.3189,3.3076,3.2990,3.2893,3.2794,3.2693,3.2591,3.2487,0,0,0,0,0,0,0,0,0,0,0,0,25.015
1716815616012,39.6455,0,0.0,3.2486,3.3560,25.010,25.010,3,,3.3560,3.3499,3.3374,3.3290,3.3189,3.3089,3.3002,3.2896,3.2790,3.2693,3.2587,3.2486,0,0,0,0,0,0,0,0,0,0,0,0,25.015
1716815616027,39.6455,0,0.0,3.2486,3.3560,25.010,25.010,3,,3.3560,3.3499,3.3374,3.3290,3.3189,3.3089,3.3002,3.2896,3.2790,3.2693,3.2587,3.2486,0,0,0,0,0,0,0,0,0,0,0,0,25.010
1716815616268,39.6469,0,0.0,3.2489,3.3566,25.030,25.030,3,,3.3566,3.3498,3.3379,3.3293,3.3185,3.3092,3.2994,3.2892,3.2796,3.2700,3.2587,3.2489,0,0,0,0,0,0,0,0,0,0,0,0,25.010
1716815616291,39.6469,0,0.0,3.2489,3.3566,25.030,25.030,3,,3.3566,3.3498,3.3379,3.3293,3.3185,3.3092,3.2994,3.2892,3.2796,3.2700,3.2587,3.2489,0,0,0,0,0,0,0,0,0,0,0,0,25.030
1716815616512,39.6468,0,0.0,3.2487,3.3560,25.019,25.019,3,,3.3560,3.3501,3.3386,3.3298,3.3183,3.3087,3.2994,3.2890,3.2796,3.2693,3.2591,3.2487,0,0,0,0,0,0,0,0,0,0,0,0,25.030
1716815616528,39.6468,0,0.0,3.2487,3.3560,25.019,25.019,3,,3.3560,3.3501,3.3386,3.3298,3.3183,3.3087,3.2994,3.2890,3.2796,3.2693,3.2591,3.2487,0,0,0,0,0,0,0,0,0,0,0,0,25.019
1716815616768,39.6466,0,0.0,3.2492,3.3569,25.019,25.019,3,,3.3569,3.3502,3.3380,3.3295,3.3195,3.3092,3.2986,3.2890,3.2787,3.2690,3.2587,3.2492,0,0,0,0,0,0,0,0,0,0,0,0,25.019
1716815616787,39.6466,0,0.0,3.2492,3.3569,25.019,25.019,3,,3.3569,3.3502,3.3380,3.3295,3.3195,3.3092,3.2986,3.2890,3.2787,3.2690,3.2587,3.2492,0,0,0,0,0,0,0,0,0,0,0,0,25.019
1716815617008,39.6463,0,0.0,3.2491,3.3565,25.028,25.028,3,,3.3565,3.3501,3.3379,3.3287,3.3194,3.3090,3.2988,3.2890,3.2794,3.2689,3.2596,3.2491,0,0,0,0,0,0,0,0,0,0,0,0,25.019
1716815617028,39.6463,0,0.0,3.2491,3.3565,25.028,25.028,3,,3.3565,3.3501,3.3379,3.3287,3.3194,3.3090,3.2988,3.2890,3.2794,3.2689,3.2596,3.2491,0,0,0,0,0,0,0,0,0,0,0,0,25.028
1716815617267,39.6442,0,0.0,3.2487,3.3562,25.015,25.015,3,,3.3562,3.3495,3.3380,3.3299,3.3182,3.3086,3.2991,3.2889,3.2791,3.2695,3.2585,3.2487,0,0,0,0,0,0,0,0,0,0,0,0,25.028
1716815617287,39.6442,0,0.0,3.2487,3.3562,25.015,25.015,3,,3.3562,3.3495,3.3380,3.3299,3.3182,3.3086,3.2991,3.2889,3.2791,3.2695,3.2585,3.2487,0,0,0,0,0,0,0,0,0,0,0,0,25.015
1716815617508,39.6475,0,0.0,3.2483,3.3568,25.023,25.023,3,,3.3568,3.3508,3.3380,3.3292,3.3192,3.3093,3.2991,3.2899,3.2794,3.2693,3.2581,3.2483,0,0,0,0,0,0,0,0,0,0,0,0,25.015
1716815617528,39.6475,0,0.0,3.2483,3.3568,25.023,25.023,3,,3.3568,3.3508,3.3380,3.3292,3.3192,3.3093,3.2991,3.2899,3.2794,3.2693,3.2581,3.2483,0,0,0,0,0,0,0,0,0,0,0,0,25.023
1716815617767,39.6478,0,0.0,3.2491,3.3563,25.014,25.014,3,,3.3563,3.3504,3.3382,3.3296,3.3183,3.3086,3.2997,3.2893,3.2802,3.2697,3.2585,3.2491,0,0,0,0,0,0,0,0,0,0,0,0,25.023
1716815617787,39.6478,0,0.0,3.2491,3.3563,25.014,25.014,3,,3.3563,3.3504,3.3382,3.3296,3.3183,3.3086,3.2997,3.2893,3.2802,3.2697,3.2585,3.2491,0,0,0,0,0,0,0,0,0,0,0,0,25.014
1716815618008,39.6487,0,0.0,3.2487,3.3566,25.028,25.028,3,,3.3566,3.3501,3.3385,3.3301,3.3195,3.3093,3.2991,3.2890,3.2799,3.2695,3.2584,3.2487,0,0,0,0,0,0,0,0,0,0,0,0,25.014
1716815618028,39.6487,0,0.0,3.2487,3.3566,25.028,25.028,3,,3.3566,3.3501,3.3385,3.3301,3.3195,3.3093,3.2991,3.2890,3.2799,3.2695,3.2584,3.2487,0,0,0,0,0,0,0,0,0,0,0,0,25.028
1716815618268,39.6419,0,0.0,3.2484,3.3562,25.028,25.028,3,,3.3562,3.3501,3.3377,3.3290,3.3185,3.3080,3.2985,3.2892,3.2791,3.2692,3.2581,3.2484,0,0,0,0,0,0,0,0,0,0,0,0,25.028
1716815618288,39.6419,0,0.0,3.2484,3.3562,25.028,25.028,3,,3.3562,3.3501,3.3377,3.3290,3.3185,3.3080,3.2985,3.2892,3.2791,3.2692,3.2581,3.2484,0,0,0,0,0,0,0,0,0,0,0,0,25.028
1716815618507,39.6489,0,0.0,3.2491,3.3563,25.015,25.015,3,,3.3563,3.3498,3.3380,3.3296,3.3189,3.3089,3.2997,3.2895,3.2797,3.2698,3.2596,3.2491,0,0,0,0,0,0,0,0,0,0,0,0,25.028
1716815618527,39.6489,0,0.0,3.2491,3.3563,25.015,25.015,3,,3.3563,3.3498,3.3380,3.3296,3.3189,3.3089,3.2997,3.2895,3.2797,3.2698,3.2596,3.2491,0,0,0,0,0,0,0,0,0,0,0,0,25.015
1716815618767,39.6480,0,0.0,3.2491,3.3568,25.023,25.023,3,,3.3568,3.3504,3.3380,3.3292,3.3194,3.3093,3.2990,3.2892,3.2796,3.2695,3.2587,3.2491,0,0,0,0,0,0,0,0,0,0,0,0,25.015
1716815618787,39.6480,0,0.0,3.2491,3.3568,25.023,25.023,3,,3.3568,3.3504,3.3380,3.3292,3.3194,3.3093,3.2990,3.2892,3.2796,3.2695,3.2587,3.2491,0,0,0,0,0,0,0,0,0,0,0,0,25.023
1716815619008,39.6487,0,0.0,3.2494,3.3568,25.028,25.028,3,,3.3568,3.3504,3.3383,3.3295,3.3192,3.3087,3.2990,3.2893,3.2793,3.2693,3.2596,3.2494,0,0,0,0,0,0,0,0,0,0,0,0,25.023
1716815619028,39.6487,0,0.0,3.2494,3.3568,25.028,25.028,3,,3.3568,3.3504,3.3383,3.3295,3.3192,3.3087,3.2990,3.2893,3.2793,3.2693,3.2596,3.2494,0,0,0,0,0,0,0,0,0,0,0,0,25.028
1716815619268,39.6445,0,0.0,3.2492,3.3563,25.023,25.023,3,,3.3563,3.3496,3.3376,3.3295,3.3185,3.3084,3.2993,3.2889,3.2796,3.2693,3.2584,3.2492,0,0,0,0,0,0,0,0,0,0,0,0,25.028
1716815619287,39.6445,0,0.0,3.2492,3.3563,25.023,25.023,3,,3.3563,3.3496,3.3376,3.3295,3.3185,3.3084,3.2993,3.2889,3.2796,3.2693,3.2584,3.2492,0,0,0,0,0,0,0,0,0,0,0,0,25.023
1716815619507,39.6478,0,0.0,3.2491,3.3569,25.010,25.010,3,,3.3569,3.3505,3.3388,3.3296,3.3182,3.3089,3.2988,3.2886,3.2797,3.2697,3.2591,3.2491,0,0,0,0,0,0,0,0,0,0,0,0,25.023
1716815619528,39.6478,0,0.0,3.2491,3.3569,25.010,25.010,3,,3.3569,3.3505,3.3388,3.3296,3.3182,3.3089,3.2988,3.2886,3.2797,3.2697,3.2591,3.2491,0,0,0,0,0,0,0,0,0,0,0,0,25.010
1716815619767,39.6471,0,0.0,3.2491,3.3563,25.015,25.015,3,,3.3563,3.3501,3.3379,3.3290,3.3185,3.3081,3.2996,3.2898,3.2802,3.2697,3.2590,3.2491,0,0,0,0,0,0,0,0,0,0,0,0,25.010
1716815619788,39.6471,0,0.0,3.2491,3.3563,25.015,25.015,3,,3.3563,3.3501,3.3379,3.3290,3.3185,3.3081,3.2996,3.2898,3.2802,3.2697,3.2590,3.2491,0,0,0,0,0,0,0,0,0,0,0,0,25.015
1716815620008,39.6506,0,0.0,3.2492,3.3562,25.004,25.004,3,,3.3562,3.3501,3.3383,3.3301,3.3194,3.3095,3.2994,3.2898,3.2793,3.2700,3.2594,3.2492,0,0,0,0,0,0,0,0,0,0,0,0,25.015
1716815620027,39.6506,0,0.0,3.2492,3.3562,25.004,25.004,3,,3.3562,3.3501,3.3383,3.3301,3.3194,3.3095,3.2994,3.2898,3.2793,3.2700,3.2594,3.2492,0,0,0,0,0,0,0,0,0,0,0,0,25.004
1716815620268,39.6468,0,0.0,3.2491,3.3565,25.014,25.014,3,,3.3565,3.3499,3.3380,3.3293,3.3185,3.3081,3.2988,3.2896,3.2793,3.2698,3.2599,3.2491,0,0,0,0,0,0,0,0,0,0,0,0,25.004
1716815620287,39.6468,0,0.0,3.2491,3.3565,25.014,25.014,3,,3.3565,3.3499,3.3380,3.3293,3.3185,3.3081,3.2988,3.2896,3.2793,3.2698,3.2599,3.2491,0,0,0,0,0,0,0,0,0,0,0,0,25.014
1716815620508,39.6480,0,0.0,3.2487,3.3571,25.019,25.019,3,,3.3571,3.3501,3.3386,3.3298,3.3195,3.3089,3.2990,3.2893,3.2796,3.2689,3.2585,3.2487,0,0,0,0,0,0,0,0,0,0,0,0,25.014
1716815620527,39.6480,0,0.0,3.2487,3.3571,25.019,25.019,3,,3.3571,3.3501,3.3386,3.3298,3.3195,3.3089,3.2990,3.2893,3.2796,3.2689,3.2585,3.2487,0,0,0,0,0,0,0,0,0,0,0,0,25.019
1716815620767,39.6475,0,0.0,3.2489,3.3572,25.019,25.019,3,,3.3572,3.3507,3.3369,3.3286,3.3189,3.3087,3.2997,3.2898,3.2796,3.2698,3.2587,3.2489,0,0,0,0,0,0,0,0,0,0,0,0,25.019
1716815620788,39.6475,0,0.0,3.2489,3.3572,25.019,25.019,3,,3.3572,3.3507,3.3369,3.3286,3.3189,3.3087,3.2997,3.2898,3.2796,3.2698,3.2587,3.2489,0,0,0,0,0,0,0,0,0,0,0,0,25.019
1716815621008,39.6471,0,0.0,3.2487,3.3569,25.014,25.014,3,,3.3569,3.3498,3.3382,3.3289,3.3195,3.3092,3.2988,3.2893,3.2791,3.2695,3.2591,3.2487,0,0,0,0,0,0,0,0,0,0,0,0,25.019
1716815621027,39.6471,0,0.0,3.2487,3.3569,25.014,25.014,3,,3.3569,3.3498,3.3382,3.3289,3.3195,3.3092,3.2988,3.2893,3.2791,3.2695,3.2591,3.2487,0,0,0,0,0,0,0,0,0,0,0,0,25.014
1716815621267,39.6493,0,0.0,3.2489,3.3568,25.014,25.014,3,,3.3568,3.3504,3.3383,3.3298,3.3189,3.3090,3.2996,3.2895,3.2799,3.2697,3.2587,3.2489,0,0,0,0,0,0,0,0,0,0,0,0,25.014
1716815621287,39.6493,0,0.0,3.2489,3.3568,25.014,25.014,3,,3.3568,3.3504,3.3383,3.3298,3.3189,3.3090,3.2996,3.2895,3.2799,3.2697,3.2587,3.2489,0,0,0,0,0,0,0,0,0,0,0,0,25.014
1716815621507,39.6464,0,0.0,3.2483,3.3566,25.024,25.024,3,,3.3566,3.3502,3.3379,3.3296,3.3186,3.3087,3.2993,3.2898,3.2791,3.2697,3.2587,3.2483,0,0,0,0,0,0,0,0,0,0,0,0,25.014
1716815621527,39.6464,0,0.0,3.2483,3.3566,25.024,25.024,3,,3.3566,3.3502,3.3379,3.3296,3.3186,3.3087,3.2993,3.2898,3.2791,3.2697,3.2587,3.2483,0,0,0,0,0,0,0,0,0,0,0,0,25.024
1716815621769,39.6489,0,0.0,3.2487,3.3572,25.028,25.028,3,,3.3572,3.3505,3.3372,3.3295,3.3191,3.3093,3.2999,3.2898,3.2791,3.2690,3.2594,3.2487,0,0,0,0,0,0,0,0,0,0,0,0,25.024
1716815621787,39.6489,0,0.0,3.2487,3.3572,25.028,25.028,3,,3.3572,3.3505,3.3372,3.3295,3.3191,3.3093,3.2999,3.2898,3.2791,3.2690,3.2594,3.2487,0,0,0,0,0,0,0,0,0,0,0,0,25.028
1716815622007,39.6461,0,0.0,3.2495,3.3563,25.010,25.010,3,,3.3563,3.3502,3.3371,3.3289,3.3191,3.3087,3.2991,3.2895,3.2790,3.2692,3.2596,3.2495,0,0,0,0,0,0,0,0,0,0,0,0,25.028
1716815622027,39.6461,0,0.0,3.2495,3.3563,25.010,25.010,3,,3.3563,3.3502,3.3371,3.3289,3.3191,3.3087,3.2991,3.2895,3.2790,3.2692,3.2596,3.2495,0,0,0,0,0,0,0,0,0,0,0,0,25.010
1716815622268,39.6466,0,0.0,3.2487,3.3560,25.010,25.010,3,,3.3560,3.3496,3.3386,3.3301,3.3188,3.3087,3.2996,3.2898,3.2791,3.2689,3.2587,3.2487,0,0,0,0,0,0,0,0,0,0,0,0,25.010
1716815622288,39.6466,0,0.0,3.2487,3.3560,25.010,25.010,3,,3.3560,3.3496,3.3386,3.3301,3.3188,3.3087,3.2996,3.2898,3.2791,3.2689,3.2587,3.2487,0,0,0,0,0,0,0,0,0,0,0,0,25.010
1716815622508,39.6466,0,0.0,3.2487,3.3568,25.019,25.019,3,,3.3568,3.3498,3.3380,3.3293,3.3192,3.3089,3.2991,3.2889,3.2793,3.2693,3.2593,3.2487,0,0,0,0,0,0,0,0,0,0,0,0,25.010
1716815622528,39.6466,0,0.0,3.2487,3.3568,25.019,25.019,3,,3.3568,3.3498,3.3380,3.3293,3.3192,3.3089,3.2991,3.2889,3.2793,3.2693,3.2593,3.2487,0,0,0,0,0,0,0,0,0,0,0,0,25.019
1716815622767,39.6449,0,0.0,3.2483,3.3560,25.014,25.014,3,,3.3560,3.3492,3.3385,3.3298,3.3183,3.3086,3.2991,3.2889,3.2797,3.2695,3.2591,3.2483,0,0,0,0,0,0,0,0,0,0,0,0,25.019
1716815622788,39.6449,0,0.0,3.2483,3.3560,25.014,25.014,3,,3.3560,3.3492,3.3385,3.3298,3.3183,3.3086,3.2991,3.2889,3.2797,3.2695,3.2591,3.2483,0,0,0,0,0,0,0,0,0,0,0,0,25.014
1716815623007,39.6455,0,0.0,3.2487,3.3565,25.015,25.015,3,,3.3565,3.3501,3.3379,3.3293,3.3185,3.3084,3.2991,3.2889,3.2794,3.2695,3.2593,3.2487,0,0,0,0,0,0,0,0,0,0,0,0,25.014
1716815623027,39.6455,0,0.0,3.2487,3.3565,25.015,25.015,3,,3.3565,3.3501,3.3379,3.3293,3.3185,3.3084,3.2991,3.2889,3.2794,3.2695,3.2593,3.2487,0,0,0,0,0,0,0,0,0,0,0,0,25.015
1716815623267,39.6466,0,0.0,3.2486,3.3559,25.019,25.019,3,,3.3559,3.3493,3.3383,3.3299,3.3188,3.3089,3.2997,3.2895,3.2794,3.2693,3.2590,3.2486,0,0,0,0,0,0,0,0,0,0,0,0,25.015
1716815623287,39.6466,0,0.0,3.2486,3.3559,25.019,25.019,3,,3.3559,3.3493,3.3383,3.3299,3.3188,3.3089,3.2997,3.2895,3.2794,3.2693,3.2590,3.2486,0,0,0,0,0,0,0,0,0,0,0,0,25.019
1716815623507,39.6474,0,0.0,3.2486,3.3562,25.014,25.014,3,,3.3562,3.3498,3.3388,3.3298,3.3191,3.3092,3.2990,3.2893,3.2794,3.2697,3.2587,3.2486,0,0,0,0,0,0,0,0,0,0,0,0,25.019
1716815623527,39.6474,0,0.0,3.2486,3.3562,25.014,25.014,3,,3.3562,3.3498,3.3388,3.3298,3.3191,3.3092,3.2990,3.2893,3.2794,3.2697,3.2587,3.2486,0,0,0,0,0,0,0,0,0,0,0,0,25.014
1716815623767,39.6457,0,0.0,3.2492,3.3571,25.008,25.008,3,,3.3571,3.3505,3.3382,3.3292,3.3185,3.3084,3.2985,3.2886,3.2796,3.2690,3.2590,3.2492,0,0,0,0,0,0,0,0,0,0,0,0,25.014
1716815623787,39.6457,0,0.0,3.2492,3.3571,25.008,25.008,3,,3.3571,3.3505,3.3382,3.3292,3.3185,3.3084,3.2985,3.2886,3.2796,3.2690,3.2590,3.2492,0,0,0,0,0,0,0,0,0,0,0,0,25.008
1716815624008,39.6478,0,0.0,3.2495,3.3568,24.999,24.999,3,,3.3568,3.3502,3.3379,3.3296,3.3182,3.3083,3.2990,3.2892,3.2796,3.2701,3.2596,3.2495,0,0,0,0,0,0,0,0,0,0,0,0,25.008
1716815624027,39.6478,0,0.0,3.2495,3.3568,24.999,24.999,3,,3.3568,3.3502,3.3379,3.3296,3.3182,3.3083,3.2990,3.2892,3.2796,3.2701,3.2596,3.2495,0,0,0,0,0,0,0,0,0,0,0,0,24.999
1716815624267,39.6500,0,0.0,3.2486,3.3569,25.024,25.024,3,,3.3569,3.3498,3.3388,3.3296,3.3189,3.3087,3.2999,3.2901,3.2796,3.2700,3.2591,3.2486,0,0,0,0,0,0,0,0,0,0,0,0,24.999
1716815624287,39.6500,0,0.0,3.2486,3.3569,25.024,25.024,3,,3.3569,3.3498,3.3388,3.3296,3.3189,3.3087,3.2999,3.2901,3.2796,3.2700,3.2591,3.2486,0,0,0,0,0,0,0,0,0,0,0,0,25.024
1716815624507,39.6461,0,0.0,3.2487,3.3571,25.008,25.008,3,,3.3571,3.3504,3.3377,3.3292,3.3180,3.3084,3.2996,3.2896,3.2793,3.2690,3.2591,3.2487,0,0,0,0,0,0,0,0,0,0,0,0,25.024
1716815624527,39.6461,0,0.0,3.2487,3.3571,25.008,25.008,3,,3.3571,3.3504,3.3377,3.3292,3.3180,3.3084,3.2996,3.2896,3.2793,3.2690,3.2591,3.2487,0,0,0,0,0,0,0,0,0,0,0,0,25.008
1716815624767,39.6498,0,0.0,3.2491,3.3566,25.015,25.015,3,,3.3566,3.3499,3.3385,3.3298,3.3197,3.3093,3.2994,3.2893,3.2791,3.2698,3.2593,3.2491,0,0,0,0,0,0,0,0,0,0,0,0,25.008
1716815624787,39.6498,0,0.0,3.2491,3.3566,25.015,25.015,3,,3.3566,3.3499,3.3385,3.3298,3.3197,3.3093,3.2994,3.2893,3.2791,3.2698,3.2593,3.2491,0,0,0,0,0,0,0,0,0,0,0,0,25.015
1716815625008,39.6484,0,0.0,3.2484,3.3566,25.028,25.028,3,,3.3566,3.3501,3.3380,3.3295,3.3195,3.3089,3.2997,3.2898,3.2794,3.2695,3.2590,3.2484,0,0,0,0,0,0,0,0,0,0,0,0,25.015
1716815625027,39.6484,0,0.0,3.2484,3.3566,25.028,25.028,3,,3.3566,3.3501,3.3380,3.3295,3.3195,3.3089,3.2997,3.2898,3.2794,3.2695,3.2590,3.2484,0,0,0,0,0,0,0,0,0,0,0,0,25.028
1716815625267,39.6457,0,0.0,3.2487,3.3563,25.014,25.014,3,,3.3563,3.3498,3.3376,3.3289,3.3199,3.3095,3.2991,3.2889,3.2791,3.2692,3.2588,3.2487,0,0,0,0,0,0,0,0,0,0,0,0,25.028
1716815625287,39.6457,0,0.0,3.2487,3.3563,25.014,25.014,3,,3.3563,3.3498,3.3376,3.3289,3.3199,3.3095,3.2991,3.2889,3.2791,3.2692,3.2588,3.2487,0,0,0,0,0,0,0,0,0,0,0,0,25.014
1716815625507,39.6471,0,0.0,3.2487,3.3566,25.023,25.023,3,,3.3566,3.3501,3.3376,3.3292,3.3188,3.3090,3.2996,3.2893,3.2799,3.2690,3.2593,3.2487,0,0,0,0,0,0,0,0,0,0,0,0,25.014
1716815625527,39.6471,0,0.0,3.2487,3.3566,25.023,25.023,3,,3.3566,3.3501,3.3376,3.3292,3.3188,3.3090,3.2996,3.2893,3.2799,3.2690,3.2593,3.2487,0,0,0,0,0,0,0,0,0,0,0,0,25.023
1716815625767,39.6484,0,0.0,3.2486,3.3571,25.028,25.028,3,,3.3571,3.3510,3.3377,3.3296,3.3192,3.3086,3.2994,3.2898,3.2791,3.2693,3.2590,3.2486,0,0,0,0,0,0,0,0,0,0,0,0,25.023
1716815625787,39.6484,0,0.0,3.2486,3.3571,25.028,25.028,3,,3.3571,3.3510,3.3377,3.3296,3.3192,3.3086,3.2994,3.2898,3.2791,3.2693,3.2590,3.2486,0,0,0,0,0,0,0,0,0,0,0,0,25.028
1716815626007,39.6464,0,0.0,3.2489,3.3568,25.023,25.023,3,,3.3568,3.3505,3.3380,3.3293,3.3188,3.3087,3.2997,3.2892,3.2791,3.2687,3.2587,3.2489,0,0,0,0,0,0,0,0,0,0,0,0,25.028
1716815626027,39.6464,0,0.0,3.2489,3.3568,25.023,25.023,3,,3.3568,3.3505,3.3380,3.3293,3.3188,3.3087,3.2997,3.2892,3.2791,3.2687,3.2587,3.2489,0,0,0,0,0,0,0,0,0,0,0,0,25.023
1716815626268,39.6432,0,0.0,3.2487,3.3566,25.014,25.014,3,,3.3566,3.3505,3.3372,3.3284,3.3191,3.3092,3.2982,3.2887,3.2793,3.2689,3.2584,3.2487,0,0,0,0,0,0,0,0,0,0,0,0,25.023
1716815626288,39.6432,0,0.0,3.2487,3.3566,25.014,25.014,3,,3.3566,3.3505,3.3372,3.3284,3.3191,3.3092,3.2982,3.2887,3.2793,3.2689,3.2584,3.2487,0,0,0,0,0,0,0,0,0,0,0,0,25.014
1716815626507,39.6464,0,0.0,3.2484,3.3568,25.014,25.014,3,,3.3568,3.3505,3.3383,3.3295,3.3185,3.3087,3.2990,3.2895,3.2793,3.2690,3.2590,3.2484,0,0,0,0,0,0,0,0,0,0,0,0,25.014
1716815626527,39.6464,0,0.0,3.2484,3.3568,25.014,25.014,3,,3.3568,3.3505,3.3383,3.3295,3.3185,3.3087,3.2990,3.2895,3.2793,3.2690,3.2590,3.2484,0,0,0,0,0,0,0,0,0,0,0,0,25.014
1716815626767,39.6501,0,0.0,3.2487,3.3569,25.015,25.015,3,,3.3569,3.3504,3.3385,3.3298,3.3189,3.3089,3.2994,3.2898,3.2796,3.2700,3.2593,3.2487,0,0,0,0,0,0,0,0,0,0,0,0,25.014
1716815626787,39.6501,0,0.0,3.2487,3.3569,25.015,25.015,3,,3.3569,3.3504,3.3385,3.3298,3.3189,3.3089,3.2994,3.2898,3.2796,3.2700,3.2593,3.2487,0,0,0,0,0,0,0,0,0,0,0,0,25.015
1716815627007,39.6480,0,0.0,3.2484,3.3566,25.003,25.003,3,,3.3566,3.3498,3.3379,3.3295,3.3194,3.3096,3.2996,3.2903,3.2791,3.2693,3.2585,3.2484,0,0,0,0,0,0,0,0,0,0,0,0,25.015
1716815627027,39.6480,0,0.0,3.2484,3.3566,25.003,25.003,3,,3.3566,3.3498,3.3379,3.3295,3.3194,3.3096,3.2996,3.2903,3.2791,3.2693,3.2585,3.2484,0,0,0,0,0,0,0,0,0,0,0,0,25.003
1716815627268,39.6469,0,0.0,3.2489,3.3565,25.015,25.015,3,,3.3565,3.3502,3.3383,3.3292,3.3194,3.3090,3.2994,3.2889,3.2794,3.2687,3.2590,3.2489,0,0,0,0,0,0,0,0,0,0,0,0,25.003
1716815627287,39.6469,0,0.0,3.2489,3.3565,25.015,25.015,3,,3.3565,3.3502,3.3383,3.3292,3.3194,3.3090,3.2994,3.2889,3.2794,3.2687,3.2590,3.2489,0,0,0,0,0,0,0,0,0,0,0,0,25.015
1716815627507,39.6454,0,0.0,3.2486,3.3566,25.010,25.010,3,,3.3566,3.3502,3.3385,3.3289,3.3189,3.3087,3.2994,3.2892,3.2788,3.2686,3.2590,3.2486,0,0,0,0,0,0,0,0,0,0,0,0,25.015
1716815627527,39.6454,0,0.0,3.2486,3.3566,25.010,25.010,3,,3.3566,3.3502,3.3385,3.3289,3.3189,3.3087,3.2994,3.2892,3.2788,3.2686,3.2590,3.2486,0,0,0,0,0,0,0,0,0,0,0,0,25.010
1716815627767,39.6484,0,0.0,3.2487,3.3565,25.015,25.015,3,,3.3565,3.3501,3.3382,3.3292,3.3191,3.3092,3.2996,3.2898,3.2794,3.2695,3.2593,3.2487,0,0,0,0,0,0,0,0,0,0,0,0,25.010
1716815627787,39.6484,0,0.0,3.2487,3.3565,25.015,25.015,3,,3.3565,3.3501,3.3382,3.3292,3.3191,3.3092,3.2996,3.2898,3.2794,3.2695,3.2593,3.2487,0,0,0,0,0,0,0,0,0,0,0,0,25.015
1716815628007,39.6471,0,0.0,3.2494,3.3568,25.024,25.024,3,,3.3568,3.3502,3.3377,3.3295,3.3189,3.3089,3.2990,3.2890,3.2793,3.2693,3.2591,3.2494,0,0,0,0,0,0,0,0,0,0,0,0,25.015
1716815628027,39.6471,0,0.0,3.2494,3.3568,25.024,25.024,3,,3.3568,3.3502,3.3377,3.3295,3.3189,3.3089,3.2990,3.2890,3.2793,3.2693,3.2591,3.2494,0,0,0,0,0,0,0,0,0,0,0,0,25.024
1716815628267,39.6466,0,0.0,3.2492,3.3568,25.024,25.024,3,,3.3568,3.3507,3.3372,3.3296,3.3188,3.3092,3.2993,3.2892,3.2788,3.2686,3.2593,3.2492,0,0,0,0,0,0,0,0,0,0,0,0,25.024
1716815628287,39.6466,0,0.0,3.2492,3.3568,25.024,25.024,3,,3.3568,3.3507,3.3372,3.3296,3.3188,3.3092,3.2993,3.2892,3.2788,3.2686,3.2593,3.2492,0,0,0,0,0,0,0,0,0,0,0,0,25.024
1716815628511,39.6452,0,0.0,3.2483,3.3563,25.023,25.023,3,,3.3563,3.3496,3.3376,3.3289,3.3189,3.3086,3.3000,3.2895,3.2791,3.2695,3.2590,3.2483,0,0,0,0,0,0,0,0,0,0,0,0,25.024
1716815628531,39.6452,0,0.0,3.2483,3.3563,25.023,25.023,3,,3.3563,3.3496,3.3376,3.3289,3.3189,3.3086,3.3000,3.2895,3.2791,3.2695,3.2590,3.2483,0,0,0,0,0,0,0,0,0,0,0,0,25.023
1716815628767,39.6464,0,0.0,3.2491,3.3566,25.015,25.015,3,,3.3566,3.3505,3.3377,3.3292,3.3188,3.3087,3.2988,3.2889,3.2793,3.2695,3.2594,3.2491,0,0,0,0,0,0,0,0,0,0,0,0,25.023
1716815628787,39.6464,0,0.0,3.2491,3.3566,25.015,25.015,3,,3.3566,3.3505,3.3377,3.3292,3.3188,3.3087,3.2988,3.2889,3.2793,3.2695,3.2594,3.2491,0,0,0,0,0,0,0,0,0,0,0,0,25.015
1716815629007,39.6474,0,0.0,3.2489,3.3565,25.023,25.023,3,,3.3565,3.3502,3.3388,3.3296,3.3191,3.3090,3.2986,3.2889,3.2794,3.2697,3.2587,3.2489,0,0,0,0,0,0,0,0,0,0,0,0,25.015
1716815629027,39.6474,0,0.0,3.2489,3.3565,25.023,25.023,3,,3.3565,3.3502,3.3388,3.3296,3.3191,3.3090,3.2986,3.2889,3.2794,3.2697,3.2587,3.2489,0,0,0,0,0,0,0,0,0,0,0,0,25.023
1716815629268,39.6460,0,0.0,3.2494,3.3563,25.014,25.014,3,,3.3563,3.3495,3.3374,3.3286,3.3191,3.3092,3.2996,3.2895,3.2793,3.2693,3.2590,3.2494,0,0,0,0,0,0,0,0,0,0,0,0,25.023
1716815629289,39.6460,0,0.0,3.2494,3.3563,25.014,25.014,3,,3.3563,3.3495,3.3374,3.3286,3.3191,3.3092,3.2996,3.2895,3.2793,3.2693,3.2590,3.2494,0,0,0,0,0,0,0,0,0,0,0,0,25.014
1716815629508,39.6497,0,0.0,3.2492,3.3565,25.024,25.024,3,,3.3565,3.3504,3.3383,3.3293,3.3195,3.3090,3.2993,3.2896,3.2797,3.2693,3.2594,3.2492,0,0,0,0,0,0,0,0,0,0,0,0,25.014
1716815629527,39.6497,0,0.0,3.2492,3.3565,25.024,25.024,3,,3.3565,3.3504,3.3383,3.3293,3.3195,3.3090,3.2993,3.2896,3.2797,3.2693,3.2594,3.2492,0,0,0,0,0,0,0,0,0,0,0,0,25.024
1716815629767,39.6451,0,0.0,3.2487,3.3568,25.019,25.019,3,,3.3568,3.3498,3.3372,3.3295,3.3185,3.3083,3.2993,3.2893,3.2791,3.2698,3.2588,3.2487,0,0,0,0,0,0,0,0,0,0,0,0,25.024
1716815629787,39.6451,0,0.0,3.2487,3.3568,25.019,25.019,3,,3.3568,3.3498,3.3372,3.3295,3.3185,3.3083,3.2993,3.2893,3.2791,3.2698,3.2588,3.2487,0,0,0,0,0,0,0,0,0,0,0,0,25.019
1716815630016,39.6484,0,0.0,3.2491,3.3566,25.030,25.030,3,,3.3566,3.3507,3.3377,3.3298,3.3189,3.3089,3.2994,3.2895,3.2793,3.2692,3.2594,3.2491,0,0,0,0,0,0,0,0,0,0,0,0,25.019
1716815630029,39.6484,0,0.0,3.2491,3.3566,25.030,25.030,3,,3.3566,3.3507,3.3377,3.3298,3.3189,3.3089,3.2994,3.2895,3.2793,3.2692,3.2594,3.2491,0,0,0,0,0,0,0,0,0,0,0,0,25.030
1716815630267,39.6464,0,0.0,3.2486,3.3566,25.008,25.008,3,,3.3566,3.3501,3.3383,3.3301,3.3192,3.3087,3.2990,3.2892,3.2791,3.2692,3.2584,3.2486,0,0,0,0,0,0,0,0,0,0,0,0,25.030
1716815630287,39.6464,0,0.0,3.2486,3.3566,25.008,25.008,3,,3.3566,3.3501,3.3383,3.3301,3.3192,3.3087,3.2990,3.2892,3.2791,3.2692,3.2584,3.2486,0,0,0,0,0,0,0,0,0,0,0,0,25.008
1716815630507,39.6463,0,0.0,3.2491,3.3559,25.010,25.010,3,,3.3559,3.3495,3.3380,3.3295,3.3192,3.3089,3.2993,3.2898,3.2788,3.2693,3.2591,3.2491,0,0,0,0,0,0,0,0,0,0,0,0,25.008
1716815630527,39.6463,0,0.0,3.2491,3.3559,25.010,25.010,3,,3.3559,3.3495,3.3380,3.3295,3.3192,3.3089,3.2993,3.2898,3.2788,3.2693,3.2591,3.2491,0,0,0,0,0,0,0,0,0,0,0,0,25.010
1716815630767,39.6490,0,0.0,3.2489,3.3568,25.024,25.024,3,,3.3568,3.3505,3.3382,3.3301,3.3192,3.3093,3.2990,3.2893,3.2794,3.2693,3.2590,3.2489,0,0,0,0,0,0,0,0,0,0,0,0,25.010
1716815630787,39.6490,0,0.0,3.2489,3.3568,25.024,25.024,3,,3.3568,3.3505,3.3382,3.3301,3.3192,3.3093,3.2990,3.2893,3.2794,3.2693,3.2590,3.2489,0,0,0,0,0,0,0,0,0,0,0,0,25.024
1716815631011,39.6490,0,0.0,3.2491,3.3565,25.014,25.014,3,,3.3565,3.3501,3.3385,3.3298,3.3194,3.3092,3.2985,3.2892,3.2799,3.2697,3.2594,3.2491,0,0,0,0,0,0,0,0,0,0,0,0,25.024
1716815631032,39.6490,0,0.0,3.2491,3.3565,25.014,25.014,3,,3.3565,3.3501,3.3385,3.3298,3.3194,3.3092,3.2985,3.2892,3.2799,3.2697,3.2594,3.2491,0,0,0,0,0,0,0,0,0,0,0,0,25.014
1716815631267,39.6468,0,0.0,3.2492,3.3566,25.019,25.019,3,,3.3566,3.3496,3.3380,3.3295,3.3183,3.3086,3.2994,3.2893,3.2794,3.2697,3.2591,3.2492,0,0,0,0,0,0,0,0,0,0,0,0,25.014
1716815631287,39.6468,0,0.0,3.2492,3.3566,25.019,25.019,3,,3.3566,3.3496,3.3380,3.3295,3.3183,3.3086,3.2994,3.2893,3.2794,3.2697,3.2591,3.2492,0,0,0,0,0,0,0,0,0,0,0,0,25.019
1716815631511,39.6458,0,0.0,3.2489,3.3560,25.024,25.024,3,,3.3560,3.3492,3.3380,3.3295,3.3192,3.3089,3.2993,3.2892,3.2791,3.2689,3.2597,3.2489,0,0,0,0,0,0,0,0,0,0,0,0,25.019
1716815631529,39.6458,0,0.0,3.2489,3.3560,25.024,25.024,3,,3.3560,3.3492,3.3380,3.3295,3.3192,3.3089,3.2993,3.2892,3.2791,3.2689,3.2597,3.2489,0,0,0,0,0,0,0,0,0,0,0,0,25.024
1716815631767,39.6463,0,0.0,3.2483,3.3568,25.014,25.014,3,,3.3568,3.3499,3.3374,3.3292,3.3194,3.3092,3.2993,3.2890,3.2794,3.2693,3.2591,3.2483,0,0,0,0,0,0,0,0,0,0,0,0,25.024
1716815631787,39.6463,0,0.0,3.2483,3.3568,25.014,25.014,3,,3.3568,3.3499,3.3374,3.3292,3.3194,3.3092,3.2993,3.2890,3.2794,3.2693,3.2591,3.2483,0,0,0,0,0,0,0,0,0,0,0,0,25.014
1716815632007,39.6492,0,0.0,3.2497,3.3563,25.024,25.024,3,,3.3563,3.3495,3.3379,3.3301,3.3195,3.3092,3.2991,3.2893,3.2794,3.2697,3.2596,3.2497,0,0,0,0,0,0,0,0,0,0,0,0,25.014
1716815632027,39.6492,0,0.0,3.2497,3.3563,25.024,25.024,3,,3.3563,3.3495,3.3379,3.3301,3.3195,3.3092,3.2991,3.2893,3.2794,3.2697,3.2596,3.2497,0,0,0,0,0,0,0,0,0,0,0,0,25.024
1716815632269,39.6500,0,0.0,3.2484,3.3563,25.004,25.004,3,,3.3563,3.3501,3.3382,3.3299,3.3200,3.3093,3.2997,3.2903,3.2794,3.2692,3.2591,3.2484,0,0,0,0,0,0,0,0,0,0,0,0,25.024
1716815632287,39.6500,0,0.0,3.2484,3.3563,25.004,25.004,3,,3.3563,3.3501,3.3382,3.3299,3.3200,3.3093,3.2997,3.2903,3.2794,3.2692,3.2591,3.2484,0,0,0,0,0,0,0,0,0,0,0,0,25.004
1716815632507,39.6454,0,0.0,3.2481,3.3565,25.015,25.015,3,,3.3565,3.3496,3.3382,3.3289,3.3186,3.3083,3.2994,3.2895,3.2799,3.2693,3.2591,3.2481,0,0,0,0,0,0,0,0,0,0,0,0,25.004
1716815632527,39.6454,0,0.0,3.2481,3.3565,25.015,25.015,3,,3.3565,3.3496,3.3382,3.3289,3.3186,3.3083,3.2994,3.2895,3.2799,3.2693,3.2591,3.2481,0,0,0,0,0,0,0,0,0,0,0,0,25.015
1716815632767,39.6448,0,0.0,3.2486,3.3559,25.010,25.010,3,,3.3559,3.3498,3.3380,3.3295,3.3188,3.3090,3.2990,3.2890,3.2791,3.2695,3.2587,3.2486,0,0,0,0,0,0,0,0,0,0,0,0,25.015
1716815632787,39.6448,0,0.0,3.2486,3.3559,25.010,25.010,3,,3.3559,3.3498,3.3380,3.3295,3.3188,3.3090,3.2990,3.2890,3.2791,3.2695,3.2587,3.2486,0,0,0,0,0,0,0,0,0,0,0,0,25.010
1716815633007,39.6469,0,0.0,3.2491,3.3560,25.014,25.014,3,,3.3560,3.3498,3.3379,3.3295,3.3192,3.3090,3.2988,3.2884,3.2796,3.2695,3.2602,3.2491,0,0,0,0,0,0,0,0,0,0,0,0,25.010
1716815633028,39.6469,0,0.0,3.2491,3.3560,25.014,25.014,3,,3.3560,3.3498,3.3379,3.3295,3.3192,3.3090,3.2988,3.2884,3.2796,3.2695,3.2602,3.2491,0,0,0,0,0,0,0,0,0,0,0,0,25.014
1716815633267,39.6474,0,0.0,3.2486,3.3562,25.008,25.008,3,,3.3562,3.3504,3.3385,3.3298,3.3189,3.3084,3.2993,3.2890,3.2793,3.2703,3.2588,3.2486,0,0,0,0,0,0,0,0,0,0,0,0,25.014
1716815633287,39.6474,0,0.0,3.2486,3.3562,25.008,25.008,3,,3.3562,3.3504,3.3385,3.3298,3.3189,3.3084,3.2993,3.2890,3.2793,3.2703,3.2588,3.2486,0,0,0,0,0,0,0,0,0,0,0,0,25.008
1716815633507,39.6477,0,0.0,3.2486,3.3566,25.015,25.015,3,,3.3566,3.3502,3.3382,3.3301,3.3191,3.3089,3.2994,3.2898,3.2791,3.2689,3.2588,3.2486,0,0,0,0,0,0,0,0,0,0,0,0,25.008
1716815633527,39.6477,0,0.0,3.2486,3.3566,25.015,25.015,3,,3.3566,3.3502,3.3382,3.3301,3.3191,3.3089,3.2994,3.2898,3.2791,3.2689,3.2588,3.2486,0,0,0,0,0,0,0,0,0,0,0,0,25.015
1716815633768,39.6492,0,0.0,3.2492,3.3562,25.008,25.008,3,,3.3562,3.3499,3.3377,3.3301,3.3194,3.3093,3.2993,3.2896,3.2796,3.2695,3.2594,3.2492,0,0,0,0,0,0,0,0,0,0,0,0,25.015
1716815633787,39.6492,0,0.0,3.2492,3.3562,25.008,25.008,3,,3.3562,3.3499,3.3377,3.3301,3.3194,3.3093,3.2993,3.2896,3.2796,3.2695,3.2594,3.2492,0,0,0,0,0,0,0,0,0,0,0,0,25.008
1716815634007,39.6474,0,0.0,3.2486,3.3566,25.019,25.019,3,,3.3566,3.3501,3.3380,3.3293,3.3188,3.3090,3.2991,3.2895,3.2802,3.2700,3.2582,3.2486,0,0,0,0,0,0,0,0,0,0,0,0,25.008
1716815634027,39.6474,0,0.0,3.2486,3.3566,25.019,25.019,3,,3.3566,3.3501,3.3380,3.3293,3.3188,3.3090,3.2991,3.2895,3.2802,3.2700,3.2582,3.2486,0,0,0,0,0,0,0,0,0,0,0,0,25.019
1716815634267,39.6448,0,0.0,3.2487,3.3559,25.024,25.024,3,,3.3559,3.3495,3.3379,3.3298,3.3188,3.3084,3.2988,3.2892,3.2794,3.2693,3.2591,3.2487,0,0,0,0,0,0,0,0,0,0,0,0,25.019
1716815634287,39.6448,0,0.0,3.2487,3.3559,25.024,25.024,3,,3.3559,3.3495,3.3379,3.3298,3.3188,3.3084,3.2988,3.2892,3.2794,3.2693,3.2591,3.2487,0,0,0,0,0,0,0,0,0,0,0,0,25.024
1716815634514,39.6460,0,0.0,3.2491,3.3563,25.019,25.019,3,,3.3563,3.3498,3.3377,3.3289,3.3194,3.3093,3.2993,3.2898,3.2787,3.2689,3.2590,3.2491,0,0,0,0,0,0,0,0,0,0,0,0,25.024
1716815634528,39.6460,0,0.0,3.2491,3.3563,25.019,25.019,3,,3.3563,3.3498,3.3377,3.3289,3.3194,3.3093,3.2993,3.2898,3.2787,3.2689,3.2590,3.2491,0,0,0,0,0,0,0,0,0,0,0,0,25.019
1716815634767,39.6451,0,0.0,3.2491,3.3559,25.028,25.028,3,,3.3559,3.3493,3.3385,3.3293,3.3186,3.3093,3.2993,3.2890,3.2791,3.2689,3.2588,3.2491,0,0,0,0,0,0,0,0,0,0,0,0,25.019
1716815634787,39.6451,0,0.0,3.2491,3.3559,25.028,25.028,3,,3.3559,3.3493,3.3385,3.3293,3.3186,3.3093,3.2993,3.2890,3.2791,3.2689,3.2588,3.2491,0,0,0,0,0,0,0,0,0,0,0,0,25.028
